Americas,-3.8902311701589998,Wed Feb 17 01:00:00 CET 2016,Thu Feb 18 01:00:00 CET 2016
,-3.316017892875254,Wed Feb 17 01:00:00 CET 2016,Thu Feb 18 01:00:00 CET 2016
Europe,-3.68421052631579,Tue Jan 17 01:00:00 CET 2017,Wed Jan 18 01:00:00 CET 2017
Europe,-0.29799354553889257,Thu Feb 09 01:00:00 CET 2017,Fri Feb 10 01:00:00 CET 2017
Asia,-4.369930082319257,Tue Jan 17 01:00:00 CET 2017,Wed Jan 18 01:00:00 CET 2017
Asia,-2.778411411805403,Thu Feb 09 01:00:00 CET 2017,Fri Feb 10 01:00:00 CET 2017
Oceania,1.8322063643594915,Tue Jan 17 01:00:00 CET 2017,Wed Jan 18 01:00:00 CET 2017
Oceania,-2.63147842805212,Thu Feb 09 01:00:00 CET 2017,Fri Feb 10 01:00:00 CET 2017
,-0.0159033078880407,Tue Jan 17 01:00:00 CET 2017,Wed Jan 18 01:00:00 CET 2017
,-2.648366406400122,Thu Feb 09 01:00:00 CET 2017,Fri Feb 10 01:00:00 CET 2017
Asia,-1.2,Wed Feb 15 01:00:00 CET 2017,Thu Feb 16 01:00:00 CET 2017
,-2.01698332665853,Wed Feb 15 01:00:00 CET 2017,Thu Feb 16 01:00:00 CET 2017
Americas,-1.1107223576574299,Thu Feb 16 01:00:00 CET 2017,Fri Feb 17 01:00:00 CET 2017
Asia,-2.091512706948223,Thu Feb 16 01:00:00 CET 2017,Fri Feb 17 01:00:00 CET 2017
Europe,-0.9644484743347878,Thu Feb 16 01:00:00 CET 2017,Fri Feb 17 01:00:00 CET 2017
Africa,-1.9563366024480247,Thu Feb 16 01:00:00 CET 2017,Fri Feb 17 01:00:00 CET 2017
,-2.053301092424693,Thu Feb 16 01:00:00 CET 2017,Fri Feb 17 01:00:00 CET 2017
Oceania,-1.2371743073888202,Thu Feb 16 01:00:00 CET 2017,Fri Feb 17 01:00:00 CET 2017
Asia,-2.234458126257178,Fri Feb 17 01:00:00 CET 2017,Sat Feb 18 01:00:00 CET 2017
Americas,-1.3723422532433454,Fri Feb 17 01:00:00 CET 2017,Sat Feb 18 01:00:00 CET 2017
Africa,-2.2598473189000527,Fri Feb 17 01:00:00 CET 2017,Sat Feb 18 01:00:00 CET 2017
Europe,-1.2076103546321348,Fri Feb 17 01:00:00 CET 2017,Sat Feb 18 01:00:00 CET 2017
,-2.196880530934157,Fri Feb 17 01:00:00 CET 2017,Sat Feb 18 01:00:00 CET 2017
Oceania,-1.3534014891469917,Fri Feb 17 01:00:00 CET 2017,Sat Feb 18 01:00:00 CET 2017
,-2.090356267202369,Sat Feb 18 01:00:00 CET 2017,Sun Feb 19 01:00:00 CET 2017
Europe,-1.5922800614112902,Sat Feb 18 01:00:00 CET 2017,Sun Feb 19 01:00:00 CET 2017
Africa,-2.5150936990124393,Sat Feb 18 01:00:00 CET 2017,Sun Feb 19 01:00:00 CET 2017
Asia,-2.2069054567042805,Sat Feb 18 01:00:00 CET 2017,Sun Feb 19 01:00:00 CET 2017
Americas,-1.211984995913528,Sat Feb 18 01:00:00 CET 2017,Sun Feb 19 01:00:00 CET 2017
Oceania,-1.098097635028843,Sat Feb 18 01:00:00 CET 2017,Sun Feb 19 01:00:00 CET 2017
Europe,-1.433032945234448,Sun Feb 19 01:00:00 CET 2017,Mon Feb 20 01:00:00 CET 2017
Africa,-2.1391917827414972,Sun Feb 19 01:00:00 CET 2017,Mon Feb 20 01:00:00 CET 2017
Asia,-2.208530610606881,Sun Feb 19 01:00:00 CET 2017,Mon Feb 20 01:00:00 CET 2017
Americas,-1.3546128263794057,Sun Feb 19 01:00:00 CET 2017,Mon Feb 20 01:00:00 CET 2017
Oceania,-0.9099417852594774,Sun Feb 19 01:00:00 CET 2017,Mon Feb 20 01:00:00 CET 2017
,-1.9052682836037087,Sun Feb 19 01:00:00 CET 2017,Mon Feb 20 01:00:00 CET 2017
,-1.8535897055033057,Mon Feb 20 01:00:00 CET 2017,Tue Feb 21 01:00:00 CET 2017
Europe,-1.3325854374792079,Mon Feb 20 01:00:00 CET 2017,Tue Feb 21 01:00:00 CET 2017
Africa,-1.8288691480216872,Mon Feb 20 01:00:00 CET 2017,Tue Feb 21 01:00:00 CET 2017
Asia,-2.146258880728613,Mon Feb 20 01:00:00 CET 2017,Tue Feb 21 01:00:00 CET 2017
Americas,-1.4392156490198458,Mon Feb 20 01:00:00 CET 2017,Tue Feb 21 01:00:00 CET 2017
Oceania,-1.470603497373456,Mon Feb 20 01:00:00 CET 2017,Tue Feb 21 01:00:00 CET 2017
,-1.9704275973642875,Tue Feb 21 01:00:00 CET 2017,Wed Feb 22 01:00:00 CET 2017
Europe,-1.3813170118705318,Tue Feb 21 01:00:00 CET 2017,Wed Feb 22 01:00:00 CET 2017
Africa,-1.9250374493092648,Tue Feb 21 01:00:00 CET 2017,Wed Feb 22 01:00:00 CET 2017
Asia,-1.9294154320252603,Tue Feb 21 01:00:00 CET 2017,Wed Feb 22 01:00:00 CET 2017
Americas,-1.3652219544193782,Tue Feb 21 01:00:00 CET 2017,Wed Feb 22 01:00:00 CET 2017
Oceania,-1.0805534521197555,Tue Feb 21 01:00:00 CET 2017,Wed Feb 22 01:00:00 CET 2017
Europe,-1.4118505576674394,Wed Feb 22 01:00:00 CET 2017,Thu Feb 23 01:00:00 CET 2017
Africa,-2.090725369175426,Wed Feb 22 01:00:00 CET 2017,Thu Feb 23 01:00:00 CET 2017
Asia,-1.755151542386122,Wed Feb 22 01:00:00 CET 2017,Thu Feb 23 01:00:00 CET 2017
Americas,-1.4060404358943146,Wed Feb 22 01:00:00 CET 2017,Thu Feb 23 01:00:00 CET 2017
Oceania,-1.2492429215983398,Wed Feb 22 01:00:00 CET 2017,Thu Feb 23 01:00:00 CET 2017
,-1.941975634591044,Wed Feb 22 01:00:00 CET 2017,Thu Feb 23 01:00:00 CET 2017
,-2.1915078266788575,Thu Feb 23 01:00:00 CET 2017,Fri Feb 24 01:00:00 CET 2017
Europe,-1.6541669925790488,Thu Feb 23 01:00:00 CET 2017,Fri Feb 24 01:00:00 CET 2017
Africa,-2.65383047729346,Thu Feb 23 01:00:00 CET 2017,Fri Feb 24 01:00:00 CET 2017
Asia,-2.009365944742631,Thu Feb 23 01:00:00 CET 2017,Fri Feb 24 01:00:00 CET 2017
Americas,-1.418220640682978,Thu Feb 23 01:00:00 CET 2017,Fri Feb 24 01:00:00 CET 2017
Oceania,-1.2782035185549365,Thu Feb 23 01:00:00 CET 2017,Fri Feb 24 01:00:00 CET 2017
,-2.1861246524003115,Fri Feb 24 01:00:00 CET 2017,Sat Feb 25 01:00:00 CET 2017
Europe,-1.4434938965322168,Fri Feb 24 01:00:00 CET 2017,Sat Feb 25 01:00:00 CET 2017
Africa,-2.1380774216436054,Fri Feb 24 01:00:00 CET 2017,Sat Feb 25 01:00:00 CET 2017
Asia,-2.3613921321712636,Fri Feb 24 01:00:00 CET 2017,Sat Feb 25 01:00:00 CET 2017
Americas,-1.4939007013763155,Fri Feb 24 01:00:00 CET 2017,Sat Feb 25 01:00:00 CET 2017
Oceania,-0.9289075389596102,Fri Feb 24 01:00:00 CET 2017,Sat Feb 25 01:00:00 CET 2017
Asia,-2.279287881103483,Sat Feb 25 01:00:00 CET 2017,Sun Feb 26 01:00:00 CET 2017
Americas,-1.1614511625135113,Sat Feb 25 01:00:00 CET 2017,Sun Feb 26 01:00:00 CET 2017
Europe,-1.6060816779250617,Sat Feb 25 01:00:00 CET 2017,Sun Feb 26 01:00:00 CET 2017
Africa,-2.0201573766679517,Sat Feb 25 01:00:00 CET 2017,Sun Feb 26 01:00:00 CET 2017
,-1.872390779313781,Sat Feb 25 01:00:00 CET 2017,Sun Feb 26 01:00:00 CET 2017
Oceania,-1.025350282665414,Sat Feb 25 01:00:00 CET 2017,Sun Feb 26 01:00:00 CET 2017
,-1.7945889523568268,Sun Feb 26 01:00:00 CET 2017,Mon Feb 27 01:00:00 CET 2017
Europe,-1.551864977923796,Sun Feb 26 01:00:00 CET 2017,Mon Feb 27 01:00:00 CET 2017
Africa,-2.3412821321291117,Sun Feb 26 01:00:00 CET 2017,Mon Feb 27 01:00:00 CET 2017
Americas,-1.0196422607514863,Sun Feb 26 01:00:00 CET 2017,Mon Feb 27 01:00:00 CET 2017
Asia,-1.9931582240275334,Sun Feb 26 01:00:00 CET 2017,Mon Feb 27 01:00:00 CET 2017
Oceania,-1.2297017091210876,Sun Feb 26 01:00:00 CET 2017,Mon Feb 27 01:00:00 CET 2017
Europe,-1.7081174986693337,Mon Feb 27 01:00:00 CET 2017,Tue Feb 28 01:00:00 CET 2017
Africa,-1.9472870624436147,Mon Feb 27 01:00:00 CET 2017,Tue Feb 28 01:00:00 CET 2017
Asia,-2.0685920973440903,Mon Feb 27 01:00:00 CET 2017,Tue Feb 28 01:00:00 CET 2017
Americas,-1.3118891422136572,Mon Feb 27 01:00:00 CET 2017,Tue Feb 28 01:00:00 CET 2017
,-2.0018792418195654,Mon Feb 27 01:00:00 CET 2017,Tue Feb 28 01:00:00 CET 2017
Oceania,-1.8692523054771952,Mon Feb 27 01:00:00 CET 2017,Tue Feb 28 01:00:00 CET 2017
Europe,-1.4798213477809758,Tue Feb 28 01:00:00 CET 2017,Wed Mar 01 01:00:00 CET 2017
Africa,-2.005144671491474,Tue Feb 28 01:00:00 CET 2017,Wed Mar 01 01:00:00 CET 2017
Asia,-2.0170859802789947,Tue Feb 28 01:00:00 CET 2017,Wed Mar 01 01:00:00 CET 2017
Americas,-1.390184924964676,Tue Feb 28 01:00:00 CET 2017,Wed Mar 01 01:00:00 CET 2017
,-1.8298180513586684,Tue Feb 28 01:00:00 CET 2017,Wed Mar 01 01:00:00 CET 2017
Oceania,-1.3427585860130185,Tue Feb 28 01:00:00 CET 2017,Wed Mar 01 01:00:00 CET 2017
Asia,-2.19131672783784,Wed Mar 01 01:00:00 CET 2017,Thu Mar 02 01:00:00 CET 2017
Americas,-1.2494690729353215,Wed Mar 01 01:00:00 CET 2017,Thu Mar 02 01:00:00 CET 2017
Africa,-2.0750514888991116,Wed Mar 01 01:00:00 CET 2017,Thu Mar 02 01:00:00 CET 2017
Europe,-1.6291056593319497,Wed Mar 01 01:00:00 CET 2017,Thu Mar 02 01:00:00 CET 2017
Oceania,-1.0922903426365984,Wed Mar 01 01:00:00 CET 2017,Thu Mar 02 01:00:00 CET 2017
,-1.8463763187928752,Wed Mar 01 01:00:00 CET 2017,Thu Mar 02 01:00:00 CET 2017
Asia,-2.151296558170927,Thu Mar 02 01:00:00 CET 2017,Fri Mar 03 01:00:00 CET 2017
Americas,-1.2178876493888788,Thu Mar 02 01:00:00 CET 2017,Fri Mar 03 01:00:00 CET 2017
Europe,-1.6766503329395919,Thu Mar 02 01:00:00 CET 2017,Fri Mar 03 01:00:00 CET 2017
Africa,-1.923589270169604,Thu Mar 02 01:00:00 CET 2017,Fri Mar 03 01:00:00 CET 2017
,-1.893819713659523,Thu Mar 02 01:00:00 CET 2017,Fri Mar 03 01:00:00 CET 2017
Oceania,-1.4789249957305954,Thu Mar 02 01:00:00 CET 2017,Fri Mar 03 01:00:00 CET 2017
,-2.114321557802177,Fri Mar 03 01:00:00 CET 2017,Sat Mar 04 01:00:00 CET 2017
Asia,-2.0995667642845692,Fri Mar 03 01:00:00 CET 2017,Sat Mar 04 01:00:00 CET 2017
Americas,-1.320743250751,Fri Mar 03 01:00:00 CET 2017,Sat Mar 04 01:00:00 CET 2017
Europe,-1.7053560330269784,Fri Mar 03 01:00:00 CET 2017,Sat Mar 04 01:00:00 CET 2017
Africa,-2.1167131507784838,Fri Mar 03 01:00:00 CET 2017,Sat Mar 04 01:00:00 CET 2017
Oceania,-1.1739968073493345,Fri Mar 03 01:00:00 CET 2017,Sat Mar 04 01:00:00 CET 2017
Africa,-1.3012263319860677,Sat Mar 04 01:00:00 CET 2017,Sun Mar 05 01:00:00 CET 2017
Europe,-1.7800401598152757,Sat Mar 04 01:00:00 CET 2017,Sun Mar 05 01:00:00 CET 2017
Americas,-0.746164261810767,Sat Mar 04 01:00:00 CET 2017,Sun Mar 05 01:00:00 CET 2017
Asia,-1.9757540666625608,Sat Mar 04 01:00:00 CET 2017,Sun Mar 05 01:00:00 CET 2017
,-2.0126270834935966,Sat Mar 04 01:00:00 CET 2017,Sun Mar 05 01:00:00 CET 2017
Oceania,-0.8977934387759497,Sat Mar 04 01:00:00 CET 2017,Sun Mar 05 01:00:00 CET 2017
,-2.076109578716361,Sun Mar 05 01:00:00 CET 2017,Mon Mar 06 01:00:00 CET 2017
Asia,-2.3025789028058083,Sun Mar 05 01:00:00 CET 2017,Mon Mar 06 01:00:00 CET 2017
Americas,-1.1563298191489495,Sun Mar 05 01:00:00 CET 2017,Mon Mar 06 01:00:00 CET 2017
Africa,-1.3377291211972648,Sun Mar 05 01:00:00 CET 2017,Mon Mar 06 01:00:00 CET 2017
Europe,-1.3936004914378959,Sun Mar 05 01:00:00 CET 2017,Mon Mar 06 01:00:00 CET 2017
Oceania,-1.3015144437564752,Sun Mar 05 01:00:00 CET 2017,Mon Mar 06 01:00:00 CET 2017
,-2.1389387329796157,Mon Mar 06 01:00:00 CET 2017,Tue Mar 07 01:00:00 CET 2017
Europe,-1.289811212958614,Mon Mar 06 01:00:00 CET 2017,Tue Mar 07 01:00:00 CET 2017
Africa,-1.2911175313620653,Mon Mar 06 01:00:00 CET 2017,Tue Mar 07 01:00:00 CET 2017
Asia,-2.2815594335053375,Mon Mar 06 01:00:00 CET 2017,Tue Mar 07 01:00:00 CET 2017
Americas,-1.5313719155331782,Mon Mar 06 01:00:00 CET 2017,Tue Mar 07 01:00:00 CET 2017
Oceania,-1.5134856173009135,Mon Mar 06 01:00:00 CET 2017,Tue Mar 07 01:00:00 CET 2017
,-1.8204772312271251,Tue Mar 07 01:00:00 CET 2017,Wed Mar 08 01:00:00 CET 2017
Europe,-1.265443308470691,Tue Mar 07 01:00:00 CET 2017,Wed Mar 08 01:00:00 CET 2017
Africa,-1.521076656071412,Tue Mar 07 01:00:00 CET 2017,Wed Mar 08 01:00:00 CET 2017
Asia,-2.0259765533588605,Tue Mar 07 01:00:00 CET 2017,Wed Mar 08 01:00:00 CET 2017
Americas,-1.1904015801687715,Tue Mar 07 01:00:00 CET 2017,Wed Mar 08 01:00:00 CET 2017
Oceania,-1.2304494765274436,Tue Mar 07 01:00:00 CET 2017,Wed Mar 08 01:00:00 CET 2017
,-1.8116760282211921,Wed Mar 08 01:00:00 CET 2017,Thu Mar 09 01:00:00 CET 2017
Africa,-1.3361806531839626,Wed Mar 08 01:00:00 CET 2017,Thu Mar 09 01:00:00 CET 2017
Europe,-1.3712320463344851,Wed Mar 08 01:00:00 CET 2017,Thu Mar 09 01:00:00 CET 2017
Americas,-1.3300277382453982,Wed Mar 08 01:00:00 CET 2017,Thu Mar 09 01:00:00 CET 2017
Asia,-2.1708076899819866,Wed Mar 08 01:00:00 CET 2017,Thu Mar 09 01:00:00 CET 2017
Oceania,-1.1985397392640094,Wed Mar 08 01:00:00 CET 2017,Thu Mar 09 01:00:00 CET 2017
Asia,-2.011509974370522,Thu Mar 09 01:00:00 CET 2017,Fri Mar 10 01:00:00 CET 2017
Americas,-1.3023574940799652,Thu Mar 09 01:00:00 CET 2017,Fri Mar 10 01:00:00 CET 2017
Europe,-1.2171781446785643,Thu Mar 09 01:00:00 CET 2017,Fri Mar 10 01:00:00 CET 2017
Africa,-1.4857460527227604,Thu Mar 09 01:00:00 CET 2017,Fri Mar 10 01:00:00 CET 2017
,-1.8559578603907991,Thu Mar 09 01:00:00 CET 2017,Fri Mar 10 01:00:00 CET 2017
Oceania,-1.496621548331421,Thu Mar 09 01:00:00 CET 2017,Fri Mar 10 01:00:00 CET 2017
,-2.044009263137627,Fri Mar 10 01:00:00 CET 2017,Sat Mar 11 01:00:00 CET 2017
Asia,-1.818849971645887,Fri Mar 10 01:00:00 CET 2017,Sat Mar 11 01:00:00 CET 2017
Americas,-1.2939649826703938,Fri Mar 10 01:00:00 CET 2017,Sat Mar 11 01:00:00 CET 2017
Europe,-1.4219245729198724,Fri Mar 10 01:00:00 CET 2017,Sat Mar 11 01:00:00 CET 2017
Africa,-2.043589239726973,Fri Mar 10 01:00:00 CET 2017,Sat Mar 11 01:00:00 CET 2017
Oceania,-0.9933753176124145,Fri Mar 10 01:00:00 CET 2017,Sat Mar 11 01:00:00 CET 2017
,-2.0950826146032138,Sat Mar 11 01:00:00 CET 2017,Sun Mar 12 01:00:00 CET 2017
Europe,-2.1709645312561023,Sat Mar 11 01:00:00 CET 2017,Sun Mar 12 01:00:00 CET 2017
Africa,-1.3800359998802734,Sat Mar 11 01:00:00 CET 2017,Sun Mar 12 01:00:00 CET 2017
Asia,-2.022938874873423,Sat Mar 11 01:00:00 CET 2017,Sun Mar 12 01:00:00 CET 2017
Americas,-1.6086484605782376,Sat Mar 11 01:00:00 CET 2017,Sun Mar 12 01:00:00 CET 2017
Oceania,-1.0332190374549264,Sat Mar 11 01:00:00 CET 2017,Sun Mar 12 01:00:00 CET 2017
,-1.8929522511946988,Sun Mar 12 01:00:00 CET 2017,Mon Mar 13 01:00:00 CET 2017
Asia,-1.788115875302576,Sun Mar 12 01:00:00 CET 2017,Mon Mar 13 01:00:00 CET 2017
Americas,-0.8881843401057316,Sun Mar 12 01:00:00 CET 2017,Mon Mar 13 01:00:00 CET 2017
Europe,-1.7748782277995936,Sun Mar 12 01:00:00 CET 2017,Mon Mar 13 01:00:00 CET 2017
Africa,-1.9536465637540754,Sun Mar 12 01:00:00 CET 2017,Mon Mar 13 01:00:00 CET 2017
Oceania,-1.4891308405605492,Sun Mar 12 01:00:00 CET 2017,Mon Mar 13 01:00:00 CET 2017
,-1.893325463561878,Mon Mar 13 01:00:00 CET 2017,Tue Mar 14 01:00:00 CET 2017
Asia,-1.5384694839824684,Mon Mar 13 01:00:00 CET 2017,Tue Mar 14 01:00:00 CET 2017
Americas,-1.125206800103705,Mon Mar 13 01:00:00 CET 2017,Tue Mar 14 01:00:00 CET 2017
Europe,-1.4197532695563087,Mon Mar 13 01:00:00 CET 2017,Tue Mar 14 01:00:00 CET 2017
Africa,-1.4485474733595387,Mon Mar 13 01:00:00 CET 2017,Tue Mar 14 01:00:00 CET 2017
Oceania,-1.5902040659562051,Mon Mar 13 01:00:00 CET 2017,Tue Mar 14 01:00:00 CET 2017
,-1.9378289929633759,Tue Mar 14 01:00:00 CET 2017,Wed Mar 15 01:00:00 CET 2017
Asia,-1.7458952932251024,Tue Mar 14 01:00:00 CET 2017,Wed Mar 15 01:00:00 CET 2017
Americas,-1.157023273949962,Tue Mar 14 01:00:00 CET 2017,Wed Mar 15 01:00:00 CET 2017
Africa,-1.5946462660218712,Tue Mar 14 01:00:00 CET 2017,Wed Mar 15 01:00:00 CET 2017
Europe,-1.2920219357157987,Tue Mar 14 01:00:00 CET 2017,Wed Mar 15 01:00:00 CET 2017
Oceania,-1.3856669535199506,Tue Mar 14 01:00:00 CET 2017,Wed Mar 15 01:00:00 CET 2017
Asia,-1.7592118545998392,Wed Mar 15 01:00:00 CET 2017,Thu Mar 16 01:00:00 CET 2017
Americas,-1.2170207146874839,Wed Mar 15 01:00:00 CET 2017,Thu Mar 16 01:00:00 CET 2017
Europe,-1.4113307336257186,Wed Mar 15 01:00:00 CET 2017,Thu Mar 16 01:00:00 CET 2017
Africa,-1.4523398186250633,Wed Mar 15 01:00:00 CET 2017,Thu Mar 16 01:00:00 CET 2017
Oceania,-1.1378012556235941,Wed Mar 15 01:00:00 CET 2017,Thu Mar 16 01:00:00 CET 2017
,-1.8208540737072345,Wed Mar 15 01:00:00 CET 2017,Thu Mar 16 01:00:00 CET 2017
Europe,-1.1898231518690618,Thu Mar 16 01:00:00 CET 2017,Fri Mar 17 01:00:00 CET 2017
Africa,-1.4735697873873388,Thu Mar 16 01:00:00 CET 2017,Fri Mar 17 01:00:00 CET 2017
Americas,-1.2480904712524303,Thu Mar 16 01:00:00 CET 2017,Fri Mar 17 01:00:00 CET 2017
Asia,-1.8794756942421187,Thu Mar 16 01:00:00 CET 2017,Fri Mar 17 01:00:00 CET 2017
Oceania,-0.9884940651277261,Thu Mar 16 01:00:00 CET 2017,Fri Mar 17 01:00:00 CET 2017
,-1.8891449338029833,Thu Mar 16 01:00:00 CET 2017,Fri Mar 17 01:00:00 CET 2017
Asia,-2.1184510985920717,Fri Mar 17 01:00:00 CET 2017,Sat Mar 18 01:00:00 CET 2017
Americas,-1.4092812421221008,Fri Mar 17 01:00:00 CET 2017,Sat Mar 18 01:00:00 CET 2017
Africa,-2.265670012676736,Fri Mar 17 01:00:00 CET 2017,Sat Mar 18 01:00:00 CET 2017
Europe,-1.4986307141901025,Fri Mar 17 01:00:00 CET 2017,Sat Mar 18 01:00:00 CET 2017
Oceania,-0.950451799176899,Fri Mar 17 01:00:00 CET 2017,Sat Mar 18 01:00:00 CET 2017
,-1.9633014200101813,Fri Mar 17 01:00:00 CET 2017,Sat Mar 18 01:00:00 CET 2017
Asia,-2.058158595072091,Sat Mar 18 01:00:00 CET 2017,Sun Mar 19 01:00:00 CET 2017
Americas,-1.1719736992378094,Sat Mar 18 01:00:00 CET 2017,Sun Mar 19 01:00:00 CET 2017
Europe,-1.8884926494051584,Sat Mar 18 01:00:00 CET 2017,Sun Mar 19 01:00:00 CET 2017
Africa,-1.6419300753905932,Sat Mar 18 01:00:00 CET 2017,Sun Mar 19 01:00:00 CET 2017
Oceania,-0.7000945824243671,Sat Mar 18 01:00:00 CET 2017,Sun Mar 19 01:00:00 CET 2017
,-1.7709964638718951,Sat Mar 18 01:00:00 CET 2017,Sun Mar 19 01:00:00 CET 2017
Europe,-1.6792250569517406,Sun Mar 19 01:00:00 CET 2017,Mon Mar 20 01:00:00 CET 2017
Africa,-1.8603845487755992,Sun Mar 19 01:00:00 CET 2017,Mon Mar 20 01:00:00 CET 2017
Americas,-1.1778112764715365,Sun Mar 19 01:00:00 CET 2017,Mon Mar 20 01:00:00 CET 2017
Asia,-1.483038902615749,Sun Mar 19 01:00:00 CET 2017,Mon Mar 20 01:00:00 CET 2017
Oceania,-1.1614517779734317,Sun Mar 19 01:00:00 CET 2017,Mon Mar 20 01:00:00 CET 2017
,-1.6555955164902132,Sun Mar 19 01:00:00 CET 2017,Mon Mar 20 01:00:00 CET 2017
Asia,-1.6201500818879588,Mon Mar 20 01:00:00 CET 2017,Tue Mar 21 01:00:00 CET 2017
Americas,-1.5497815895708826,Mon Mar 20 01:00:00 CET 2017,Tue Mar 21 01:00:00 CET 2017
Europe,-1.3238521992546226,Mon Mar 20 01:00:00 CET 2017,Tue Mar 21 01:00:00 CET 2017
Africa,-1.708335387992469,Mon Mar 20 01:00:00 CET 2017,Tue Mar 21 01:00:00 CET 2017
Oceania,-1.293623352725332,Mon Mar 20 01:00:00 CET 2017,Tue Mar 21 01:00:00 CET 2017
,-1.7776727710610902,Mon Mar 20 01:00:00 CET 2017,Tue Mar 21 01:00:00 CET 2017
Europe,-1.9625214420188206,Tue Mar 21 01:00:00 CET 2017,Wed Mar 22 01:00:00 CET 2017
Africa,-2.093174826693551,Tue Mar 21 01:00:00 CET 2017,Wed Mar 22 01:00:00 CET 2017
Asia,-1.7944207032446755,Tue Mar 21 01:00:00 CET 2017,Wed Mar 22 01:00:00 CET 2017
Americas,-1.5626736774040253,Tue Mar 21 01:00:00 CET 2017,Wed Mar 22 01:00:00 CET 2017
Oceania,-1.271159356425469,Tue Mar 21 01:00:00 CET 2017,Wed Mar 22 01:00:00 CET 2017
,-1.9703071053020862,Tue Mar 21 01:00:00 CET 2017,Wed Mar 22 01:00:00 CET 2017
Oceania,-1.8107244441769081,Wed Mar 22 01:00:00 CET 2017,Thu Mar 23 01:00:00 CET 2017
Europe,-2.216802727735922,Wed Mar 22 01:00:00 CET 2017,Thu Mar 23 01:00:00 CET 2017
Africa,-1.9158962914555053,Wed Mar 22 01:00:00 CET 2017,Thu Mar 23 01:00:00 CET 2017
Asia,-2.22165617733084,Wed Mar 22 01:00:00 CET 2017,Thu Mar 23 01:00:00 CET 2017
Americas,-1.6074740950262858,Wed Mar 22 01:00:00 CET 2017,Thu Mar 23 01:00:00 CET 2017
,-2.1526161415858267,Wed Mar 22 01:00:00 CET 2017,Thu Mar 23 01:00:00 CET 2017
Oceania,-0.8201873929793212,Thu Mar 23 01:00:00 CET 2017,Fri Mar 24 01:00:00 CET 2017
Asia,-2.021822832510637,Thu Mar 23 01:00:00 CET 2017,Fri Mar 24 01:00:00 CET 2017
Americas,-1.5676754242797009,Thu Mar 23 01:00:00 CET 2017,Fri Mar 24 01:00:00 CET 2017
Europe,-1.6307316956013291,Thu Mar 23 01:00:00 CET 2017,Fri Mar 24 01:00:00 CET 2017
Africa,-2.6540181286162166,Thu Mar 23 01:00:00 CET 2017,Fri Mar 24 01:00:00 CET 2017
,-2.0590410074816328,Thu Mar 23 01:00:00 CET 2017,Fri Mar 24 01:00:00 CET 2017
Asia,-2.1138011905370577,Fri Mar 24 01:00:00 CET 2017,Sat Mar 25 01:00:00 CET 2017
Americas,-1.4299393647110155,Fri Mar 24 01:00:00 CET 2017,Sat Mar 25 01:00:00 CET 2017
Europe,-1.4037160182110768,Fri Mar 24 01:00:00 CET 2017,Sat Mar 25 01:00:00 CET 2017
Africa,-2.639535758253887,Fri Mar 24 01:00:00 CET 2017,Sat Mar 25 01:00:00 CET 2017
Oceania,-1.2059582888406375,Fri Mar 24 01:00:00 CET 2017,Sat Mar 25 01:00:00 CET 2017
,-2.031674811073293,Fri Mar 24 01:00:00 CET 2017,Sat Mar 25 01:00:00 CET 2017
Europe,-1.4504249983365884,Sat Mar 25 01:00:00 CET 2017,Sun Mar 26 01:00:00 CET 2017
Africa,-2.4910523181242104,Sat Mar 25 01:00:00 CET 2017,Sun Mar 26 01:00:00 CET 2017
Asia,-2.36200367650202,Sat Mar 25 01:00:00 CET 2017,Sun Mar 26 01:00:00 CET 2017
Americas,-1.3253697983662376,Sat Mar 25 01:00:00 CET 2017,Sun Mar 26 01:00:00 CET 2017
Oceania,-1.045510568911895,Sat Mar 25 01:00:00 CET 2017,Sun Mar 26 01:00:00 CET 2017
,-2.092625034327187,Sat Mar 25 01:00:00 CET 2017,Sun Mar 26 01:00:00 CET 2017
Europe,-1.0360540340543638,Sun Mar 26 01:00:00 CET 2017,Mon Mar 27 02:00:00 CEST 2017
Africa,-1.8578161515782146,Sun Mar 26 01:00:00 CET 2017,Mon Mar 27 02:00:00 CEST 2017
Oceania,-1.5026492191739842,Sun Mar 26 01:00:00 CET 2017,Mon Mar 27 02:00:00 CEST 2017
Asia,-1.9654102988449391,Sun Mar 26 01:00:00 CET 2017,Mon Mar 27 02:00:00 CEST 2017
Americas,-1.0600796102040122,Sun Mar 26 01:00:00 CET 2017,Mon Mar 27 02:00:00 CEST 2017
,-1.8211938848091427,Sun Mar 26 01:00:00 CET 2017,Mon Mar 27 02:00:00 CEST 2017
Europe,-1.3628693369261762,Mon Mar 27 02:00:00 CEST 2017,Tue Mar 28 02:00:00 CEST 2017
Africa,-1.8322588872987893,Mon Mar 27 02:00:00 CEST 2017,Tue Mar 28 02:00:00 CEST 2017
Asia,-1.8263791487421734,Mon Mar 27 02:00:00 CEST 2017,Tue Mar 28 02:00:00 CEST 2017
Americas,-1.1603002094515444,Mon Mar 27 02:00:00 CEST 2017,Tue Mar 28 02:00:00 CEST 2017
Oceania,-1.4326721033588579,Mon Mar 27 02:00:00 CEST 2017,Tue Mar 28 02:00:00 CEST 2017
,-1.7417542970279514,Mon Mar 27 02:00:00 CEST 2017,Tue Mar 28 02:00:00 CEST 2017
Oceania,-1.4735848377972975,Tue Mar 28 02:00:00 CEST 2017,Wed Mar 29 02:00:00 CEST 2017
Europe,-0.9121069812040287,Tue Mar 28 02:00:00 CEST 2017,Wed Mar 29 02:00:00 CEST 2017
Africa,-1.8799573192171897,Tue Mar 28 02:00:00 CEST 2017,Wed Mar 29 02:00:00 CEST 2017
Asia,-1.8240486053568632,Tue Mar 28 02:00:00 CEST 2017,Wed Mar 29 02:00:00 CEST 2017
Americas,-0.8367590593516138,Tue Mar 28 02:00:00 CEST 2017,Wed Mar 29 02:00:00 CEST 2017
,-1.6353309420874063,Tue Mar 28 02:00:00 CEST 2017,Wed Mar 29 02:00:00 CEST 2017
Europe,-1.0965174025690652,Wed Mar 29 02:00:00 CEST 2017,Thu Mar 30 02:00:00 CEST 2017
Africa,-1.5584889383265774,Wed Mar 29 02:00:00 CEST 2017,Thu Mar 30 02:00:00 CEST 2017
Oceania,-1.4414263465836312,Wed Mar 29 02:00:00 CEST 2017,Thu Mar 30 02:00:00 CEST 2017
Asia,-1.9236399728384337,Wed Mar 29 02:00:00 CEST 2017,Thu Mar 30 02:00:00 CEST 2017
Americas,-0.9902289294803142,Wed Mar 29 02:00:00 CEST 2017,Thu Mar 30 02:00:00 CEST 2017
,-1.8024145425462395,Wed Mar 29 02:00:00 CEST 2017,Thu Mar 30 02:00:00 CEST 2017
Oceania,-1.5029223067492563,Thu Mar 30 02:00:00 CEST 2017,Fri Mar 31 02:00:00 CEST 2017
Asia,-1.9699189107073105,Thu Mar 30 02:00:00 CEST 2017,Fri Mar 31 02:00:00 CEST 2017
Americas,-1.1726835947965626,Thu Mar 30 02:00:00 CEST 2017,Fri Mar 31 02:00:00 CEST 2017
Europe,-1.343863881690036,Thu Mar 30 02:00:00 CEST 2017,Fri Mar 31 02:00:00 CEST 2017
Africa,-1.208975925122495,Thu Mar 30 02:00:00 CEST 2017,Fri Mar 31 02:00:00 CEST 2017
,-1.8685802024438027,Thu Mar 30 02:00:00 CEST 2017,Fri Mar 31 02:00:00 CEST 2017
Oceania,-1.6528429663934416,Fri Mar 31 02:00:00 CEST 2017,Sat Apr 01 02:00:00 CEST 2017
Asia,-2.244762904280415,Fri Mar 31 02:00:00 CEST 2017,Sat Apr 01 02:00:00 CEST 2017
Americas,-1.677668600887508,Fri Mar 31 02:00:00 CEST 2017,Sat Apr 01 02:00:00 CEST 2017
Europe,-1.3367109012461365,Fri Mar 31 02:00:00 CEST 2017,Sat Apr 01 02:00:00 CEST 2017
Africa,-1.414637324722857,Fri Mar 31 02:00:00 CEST 2017,Sat Apr 01 02:00:00 CEST 2017
,-1.9696423745465033,Fri Mar 31 02:00:00 CEST 2017,Sat Apr 01 02:00:00 CEST 2017
Europe,-1.2968939925523462,Sat Apr 01 02:00:00 CEST 2017,Sun Apr 02 02:00:00 CEST 2017
Africa,-1.547467012381028,Sat Apr 01 02:00:00 CEST 2017,Sun Apr 02 02:00:00 CEST 2017
Oceania,-1.5238617602914872,Sat Apr 01 02:00:00 CEST 2017,Sun Apr 02 02:00:00 CEST 2017
Asia,-2.177977221968532,Sat Apr 01 02:00:00 CEST 2017,Sun Apr 02 02:00:00 CEST 2017
Americas,-2.264878175561494,Sat Apr 01 02:00:00 CEST 2017,Sun Apr 02 02:00:00 CEST 2017
,-1.741399510722364,Sat Apr 01 02:00:00 CEST 2017,Sun Apr 02 02:00:00 CEST 2017
Asia,-1.7017203616996524,Sun Apr 02 02:00:00 CEST 2017,Mon Apr 03 02:00:00 CEST 2017
Americas,-1.1884992381161033,Sun Apr 02 02:00:00 CEST 2017,Mon Apr 03 02:00:00 CEST 2017
Europe,-1.4082422467785034,Sun Apr 02 02:00:00 CEST 2017,Mon Apr 03 02:00:00 CEST 2017
Africa,-1.4904299758348123,Sun Apr 02 02:00:00 CEST 2017,Mon Apr 03 02:00:00 CEST 2017
,-1.7727010072516982,Sun Apr 02 02:00:00 CEST 2017,Mon Apr 03 02:00:00 CEST 2017
Oceania,-1.3449089068746525,Sun Apr 02 02:00:00 CEST 2017,Mon Apr 03 02:00:00 CEST 2017
Europe,-1.722796471370043,Mon Apr 03 02:00:00 CEST 2017,Tue Apr 04 02:00:00 CEST 2017
Africa,-1.3973122915867051,Mon Apr 03 02:00:00 CEST 2017,Tue Apr 04 02:00:00 CEST 2017
Asia,-1.88173545859813,Mon Apr 03 02:00:00 CEST 2017,Tue Apr 04 02:00:00 CEST 2017
Americas,-1.1688565363043404,Mon Apr 03 02:00:00 CEST 2017,Tue Apr 04 02:00:00 CEST 2017
Oceania,-1.0653876389886785,Mon Apr 03 02:00:00 CEST 2017,Tue Apr 04 02:00:00 CEST 2017
,-2.2194831860452604,Mon Apr 03 02:00:00 CEST 2017,Tue Apr 04 02:00:00 CEST 2017
Europe,-2.230477449387899,Tue Apr 04 02:00:00 CEST 2017,Wed Apr 05 02:00:00 CEST 2017
Africa,-1.0923522620375994,Tue Apr 04 02:00:00 CEST 2017,Wed Apr 05 02:00:00 CEST 2017
Asia,-1.927179845349382,Tue Apr 04 02:00:00 CEST 2017,Wed Apr 05 02:00:00 CEST 2017
Americas,-1.344168363346633,Tue Apr 04 02:00:00 CEST 2017,Wed Apr 05 02:00:00 CEST 2017
,-2.463752105924179,Tue Apr 04 02:00:00 CEST 2017,Wed Apr 05 02:00:00 CEST 2017
Oceania,-1.1764323895822362,Tue Apr 04 02:00:00 CEST 2017,Wed Apr 05 02:00:00 CEST 2017
Asia,-1.9258686738001785,Wed Apr 05 02:00:00 CEST 2017,Thu Apr 06 02:00:00 CEST 2017
Americas,-1.3412318111433967,Wed Apr 05 02:00:00 CEST 2017,Thu Apr 06 02:00:00 CEST 2017
Africa,-1.491950703410433,Wed Apr 05 02:00:00 CEST 2017,Thu Apr 06 02:00:00 CEST 2017
Europe,-2.042640656609048,Wed Apr 05 02:00:00 CEST 2017,Thu Apr 06 02:00:00 CEST 2017
Oceania,-1.4666978419809844,Wed Apr 05 02:00:00 CEST 2017,Thu Apr 06 02:00:00 CEST 2017
,-2.2753564836390407,Wed Apr 05 02:00:00 CEST 2017,Thu Apr 06 02:00:00 CEST 2017
,-3.1000493128891344,Thu Apr 06 02:00:00 CEST 2017,Fri Apr 07 02:00:00 CEST 2017
Asia,-2.2221298601817225,Thu Apr 06 02:00:00 CEST 2017,Fri Apr 07 02:00:00 CEST 2017
Americas,-1.6282155547141293,Thu Apr 06 02:00:00 CEST 2017,Fri Apr 07 02:00:00 CEST 2017
Europe,-2.3271515184793747,Thu Apr 06 02:00:00 CEST 2017,Fri Apr 07 02:00:00 CEST 2017
Africa,-1.6308802408076424,Thu Apr 06 02:00:00 CEST 2017,Fri Apr 07 02:00:00 CEST 2017
Oceania,-1.7133479114250896,Thu Apr 06 02:00:00 CEST 2017,Fri Apr 07 02:00:00 CEST 2017
Asia,-1.8031202575199317,Fri Apr 07 02:00:00 CEST 2017,Sat Apr 08 02:00:00 CEST 2017
Americas,-1.608910337912744,Fri Apr 07 02:00:00 CEST 2017,Sat Apr 08 02:00:00 CEST 2017
Europe,-2.094126191740663,Fri Apr 07 02:00:00 CEST 2017,Sat Apr 08 02:00:00 CEST 2017
Africa,-2.7274966317159373,Fri Apr 07 02:00:00 CEST 2017,Sat Apr 08 02:00:00 CEST 2017
,-3.1105483912741283,Fri Apr 07 02:00:00 CEST 2017,Sat Apr 08 02:00:00 CEST 2017
Oceania,-2.1359163158308268,Fri Apr 07 02:00:00 CEST 2017,Sat Apr 08 02:00:00 CEST 2017
Asia,-2.578037910958141,Sat Apr 08 02:00:00 CEST 2017,Sun Apr 09 02:00:00 CEST 2017
Americas,-1.4059084367502246,Sat Apr 08 02:00:00 CEST 2017,Sun Apr 09 02:00:00 CEST 2017
Europe,-2.093951867474259,Sat Apr 08 02:00:00 CEST 2017,Sun Apr 09 02:00:00 CEST 2017
Africa,-4.539643847537109,Sat Apr 08 02:00:00 CEST 2017,Sun Apr 09 02:00:00 CEST 2017
Oceania,-1.637065552316425,Sat Apr 08 02:00:00 CEST 2017,Sun Apr 09 02:00:00 CEST 2017
,-2.7777657419605717,Sat Apr 08 02:00:00 CEST 2017,Sun Apr 09 02:00:00 CEST 2017
Europe,-1.9625421509701584,Sun Apr 09 02:00:00 CEST 2017,Mon Apr 10 02:00:00 CEST 2017
Africa,-3.6552806906743545,Sun Apr 09 02:00:00 CEST 2017,Mon Apr 10 02:00:00 CEST 2017
Asia,-2.1445963389407083,Sun Apr 09 02:00:00 CEST 2017,Mon Apr 10 02:00:00 CEST 2017
Americas,-1.1956847384281801,Sun Apr 09 02:00:00 CEST 2017,Mon Apr 10 02:00:00 CEST 2017
Oceania,-0.9248137004154873,Sun Apr 09 02:00:00 CEST 2017,Mon Apr 10 02:00:00 CEST 2017
,-2.45113614457275,Sun Apr 09 02:00:00 CEST 2017,Mon Apr 10 02:00:00 CEST 2017
Oceania,-0.5820339071572991,Mon Apr 10 02:00:00 CEST 2017,Tue Apr 11 02:00:00 CEST 2017
Europe,-1.7938453609359646,Mon Apr 10 02:00:00 CEST 2017,Tue Apr 11 02:00:00 CEST 2017
Africa,-3.2022357985955394,Mon Apr 10 02:00:00 CEST 2017,Tue Apr 11 02:00:00 CEST 2017
Asia,-2.115780373691484,Mon Apr 10 02:00:00 CEST 2017,Tue Apr 11 02:00:00 CEST 2017
Americas,-1.4108878723175406,Mon Apr 10 02:00:00 CEST 2017,Tue Apr 11 02:00:00 CEST 2017
,-2.4987761591278805,Mon Apr 10 02:00:00 CEST 2017,Tue Apr 11 02:00:00 CEST 2017
,-2.351382761317372,Tue Apr 11 02:00:00 CEST 2017,Wed Apr 12 02:00:00 CEST 2017
Europe,-1.5298074940219621,Tue Apr 11 02:00:00 CEST 2017,Wed Apr 12 02:00:00 CEST 2017
Africa,-2.3272061523450436,Tue Apr 11 02:00:00 CEST 2017,Wed Apr 12 02:00:00 CEST 2017
Asia,-2.0452384554496286,Tue Apr 11 02:00:00 CEST 2017,Wed Apr 12 02:00:00 CEST 2017
Americas,-1.217182123032259,Tue Apr 11 02:00:00 CEST 2017,Wed Apr 12 02:00:00 CEST 2017
Oceania,-0.6505986840055041,Tue Apr 11 02:00:00 CEST 2017,Wed Apr 12 02:00:00 CEST 2017
,-2.2312934436925107,Wed Apr 12 02:00:00 CEST 2017,Thu Apr 13 02:00:00 CEST 2017
Asia,-1.9037310234992506,Wed Apr 12 02:00:00 CEST 2017,Thu Apr 13 02:00:00 CEST 2017
Americas,-1.31536894257821,Wed Apr 12 02:00:00 CEST 2017,Thu Apr 13 02:00:00 CEST 2017
Europe,-1.0672307494051416,Wed Apr 12 02:00:00 CEST 2017,Thu Apr 13 02:00:00 CEST 2017
Africa,-2.213548542476859,Wed Apr 12 02:00:00 CEST 2017,Thu Apr 13 02:00:00 CEST 2017
Oceania,-0.8953953336370082,Wed Apr 12 02:00:00 CEST 2017,Thu Apr 13 02:00:00 CEST 2017
,-2.3535712437679828,Thu Apr 13 02:00:00 CEST 2017,Fri Apr 14 02:00:00 CEST 2017
Africa,-2.652821512680579,Thu Apr 13 02:00:00 CEST 2017,Fri Apr 14 02:00:00 CEST 2017
Europe,-0.9290308479449352,Thu Apr 13 02:00:00 CEST 2017,Fri Apr 14 02:00:00 CEST 2017
Oceania,-1.0119560521223048,Thu Apr 13 02:00:00 CEST 2017,Fri Apr 14 02:00:00 CEST 2017
Asia,-2.4563555700540682,Thu Apr 13 02:00:00 CEST 2017,Fri Apr 14 02:00:00 CEST 2017
Americas,-1.6063982137281683,Thu Apr 13 02:00:00 CEST 2017,Fri Apr 14 02:00:00 CEST 2017
,-2.5010177144334134,Fri Apr 14 02:00:00 CEST 2017,Sat Apr 15 02:00:00 CEST 2017
Europe,-1.2254138103287004,Fri Apr 14 02:00:00 CEST 2017,Sat Apr 15 02:00:00 CEST 2017
Africa,-2.933530459748497,Fri Apr 14 02:00:00 CEST 2017,Sat Apr 15 02:00:00 CEST 2017
Asia,-2.4058740036831163,Fri Apr 14 02:00:00 CEST 2017,Sat Apr 15 02:00:00 CEST 2017
Americas,-1.5728949489867825,Fri Apr 14 02:00:00 CEST 2017,Sat Apr 15 02:00:00 CEST 2017
Oceania,-1.3522495964206407,Fri Apr 14 02:00:00 CEST 2017,Sat Apr 15 02:00:00 CEST 2017
,-2.3347980220726563,Sat Apr 15 02:00:00 CEST 2017,Sun Apr 16 02:00:00 CEST 2017
Europe,-1.3368213708190666,Sat Apr 15 02:00:00 CEST 2017,Sun Apr 16 02:00:00 CEST 2017
Africa,-2.402274375187399,Sat Apr 15 02:00:00 CEST 2017,Sun Apr 16 02:00:00 CEST 2017
Asia,-1.9855264916857676,Sat Apr 15 02:00:00 CEST 2017,Sun Apr 16 02:00:00 CEST 2017
Americas,-1.7986203820774425,Sat Apr 15 02:00:00 CEST 2017,Sun Apr 16 02:00:00 CEST 2017
Oceania,-1.2968743627445827,Sat Apr 15 02:00:00 CEST 2017,Sun Apr 16 02:00:00 CEST 2017
Europe,-1.0573168099405872,Sun Apr 16 02:00:00 CEST 2017,Mon Apr 17 02:00:00 CEST 2017
Africa,-2.17227050069516,Sun Apr 16 02:00:00 CEST 2017,Mon Apr 17 02:00:00 CEST 2017
Asia,-1.9944592214170072,Sun Apr 16 02:00:00 CEST 2017,Mon Apr 17 02:00:00 CEST 2017
Americas,-1.3410781350302725,Sun Apr 16 02:00:00 CEST 2017,Mon Apr 17 02:00:00 CEST 2017
Oceania,-1.0798698048667448,Sun Apr 16 02:00:00 CEST 2017,Mon Apr 17 02:00:00 CEST 2017
,-2.092654780755884,Sun Apr 16 02:00:00 CEST 2017,Mon Apr 17 02:00:00 CEST 2017
,-2.0265187415992125,Mon Apr 17 02:00:00 CEST 2017,Tue Apr 18 02:00:00 CEST 2017
Europe,-1.0404637223378552,Mon Apr 17 02:00:00 CEST 2017,Tue Apr 18 02:00:00 CEST 2017
Africa,-1.7487099051399766,Mon Apr 17 02:00:00 CEST 2017,Tue Apr 18 02:00:00 CEST 2017
Asia,-1.873440528549056,Mon Apr 17 02:00:00 CEST 2017,Tue Apr 18 02:00:00 CEST 2017
Americas,-1.1654114514249236,Mon Apr 17 02:00:00 CEST 2017,Tue Apr 18 02:00:00 CEST 2017
Oceania,-1.0320910833098293,Mon Apr 17 02:00:00 CEST 2017,Tue Apr 18 02:00:00 CEST 2017
Africa,-2.4175054900594093,Tue Apr 18 02:00:00 CEST 2017,Wed Apr 19 02:00:00 CEST 2017
Europe,-1.1616724132740002,Tue Apr 18 02:00:00 CEST 2017,Wed Apr 19 02:00:00 CEST 2017
Asia,-1.8558560188403208,Tue Apr 18 02:00:00 CEST 2017,Wed Apr 19 02:00:00 CEST 2017
Americas,-1.2724006719639633,Tue Apr 18 02:00:00 CEST 2017,Wed Apr 19 02:00:00 CEST 2017
Oceania,-0.7698662159992232,Tue Apr 18 02:00:00 CEST 2017,Wed Apr 19 02:00:00 CEST 2017
,-1.8998280911241232,Tue Apr 18 02:00:00 CEST 2017,Wed Apr 19 02:00:00 CEST 2017
Oceania,-0.5034097553559608,Wed Apr 19 02:00:00 CEST 2017,Thu Apr 20 02:00:00 CEST 2017
Europe,-1.4899928338677224,Wed Apr 19 02:00:00 CEST 2017,Thu Apr 20 02:00:00 CEST 2017
Africa,-2.0113034779055807,Wed Apr 19 02:00:00 CEST 2017,Thu Apr 20 02:00:00 CEST 2017
Asia,-1.9011095259178215,Wed Apr 19 02:00:00 CEST 2017,Thu Apr 20 02:00:00 CEST 2017
Americas,-1.1729361174894144,Wed Apr 19 02:00:00 CEST 2017,Thu Apr 20 02:00:00 CEST 2017
,-1.8218185187813811,Wed Apr 19 02:00:00 CEST 2017,Thu Apr 20 02:00:00 CEST 2017
Asia,-1.9873112162197601,Thu Apr 20 02:00:00 CEST 2017,Fri Apr 21 02:00:00 CEST 2017
Americas,-1.279053138130251,Thu Apr 20 02:00:00 CEST 2017,Fri Apr 21 02:00:00 CEST 2017
Europe,-1.9616552336859718,Thu Apr 20 02:00:00 CEST 2017,Fri Apr 21 02:00:00 CEST 2017
Africa,-1.8232424428802405,Thu Apr 20 02:00:00 CEST 2017,Fri Apr 21 02:00:00 CEST 2017
Oceania,-0.7015881888864867,Thu Apr 20 02:00:00 CEST 2017,Fri Apr 21 02:00:00 CEST 2017
,-1.8560785509260374,Thu Apr 20 02:00:00 CEST 2017,Fri Apr 21 02:00:00 CEST 2017
Oceania,-1.0398048255396344,Fri Apr 21 02:00:00 CEST 2017,Sat Apr 22 02:00:00 CEST 2017
Africa,-1.847065545775998,Fri Apr 21 02:00:00 CEST 2017,Sat Apr 22 02:00:00 CEST 2017
Europe,-1.9201678372122666,Fri Apr 21 02:00:00 CEST 2017,Sat Apr 22 02:00:00 CEST 2017
Asia,-2.6859477045297586,Fri Apr 21 02:00:00 CEST 2017,Sat Apr 22 02:00:00 CEST 2017
Americas,-1.2288645171451757,Fri Apr 21 02:00:00 CEST 2017,Sat Apr 22 02:00:00 CEST 2017
,-2.02704344908328,Fri Apr 21 02:00:00 CEST 2017,Sat Apr 22 02:00:00 CEST 2017
,-1.9646163295050492,Sat Apr 22 02:00:00 CEST 2017,Sun Apr 23 02:00:00 CEST 2017
Europe,-1.7984179670349159,Sat Apr 22 02:00:00 CEST 2017,Sun Apr 23 02:00:00 CEST 2017
Africa,-1.2782337374283392,Sat Apr 22 02:00:00 CEST 2017,Sun Apr 23 02:00:00 CEST 2017
Oceania,-1.2107732831847766,Sat Apr 22 02:00:00 CEST 2017,Sun Apr 23 02:00:00 CEST 2017
Asia,-2.645496777544906,Sat Apr 22 02:00:00 CEST 2017,Sun Apr 23 02:00:00 CEST 2017
Americas,-1.0662180656073867,Sat Apr 22 02:00:00 CEST 2017,Sun Apr 23 02:00:00 CEST 2017
,-1.9289480580141725,Sun Apr 23 02:00:00 CEST 2017,Mon Apr 24 02:00:00 CEST 2017
Oceania,-0.8154573472416221,Sun Apr 23 02:00:00 CEST 2017,Mon Apr 24 02:00:00 CEST 2017
Europe,-1.3093677544841076,Sun Apr 23 02:00:00 CEST 2017,Mon Apr 24 02:00:00 CEST 2017
Africa,-1.4349227562632099,Sun Apr 23 02:00:00 CEST 2017,Mon Apr 24 02:00:00 CEST 2017
Asia,-2.6150204635320224,Sun Apr 23 02:00:00 CEST 2017,Mon Apr 24 02:00:00 CEST 2017
Americas,-0.9068981984362495,Sun Apr 23 02:00:00 CEST 2017,Mon Apr 24 02:00:00 CEST 2017
,-1.9764003847460685,Mon Apr 24 02:00:00 CEST 2017,Tue Apr 25 02:00:00 CEST 2017
Europe,-1.1874891474965872,Mon Apr 24 02:00:00 CEST 2017,Tue Apr 25 02:00:00 CEST 2017
Africa,-1.7059376754208084,Mon Apr 24 02:00:00 CEST 2017,Tue Apr 25 02:00:00 CEST 2017
Oceania,-1.1193046419011339,Mon Apr 24 02:00:00 CEST 2017,Tue Apr 25 02:00:00 CEST 2017
Asia,-2.2006553065184367,Mon Apr 24 02:00:00 CEST 2017,Tue Apr 25 02:00:00 CEST 2017
Americas,-1.3692144456905866,Mon Apr 24 02:00:00 CEST 2017,Tue Apr 25 02:00:00 CEST 2017
,-1.9870240394103882,Tue Apr 25 02:00:00 CEST 2017,Wed Apr 26 02:00:00 CEST 2017
Europe,-1.4081566975766449,Tue Apr 25 02:00:00 CEST 2017,Wed Apr 26 02:00:00 CEST 2017
Africa,-1.8225229386770947,Tue Apr 25 02:00:00 CEST 2017,Wed Apr 26 02:00:00 CEST 2017
Oceania,-0.7283120114413623,Tue Apr 25 02:00:00 CEST 2017,Wed Apr 26 02:00:00 CEST 2017
Asia,-2.0633961339000715,Tue Apr 25 02:00:00 CEST 2017,Wed Apr 26 02:00:00 CEST 2017
Americas,-1.3311743726352228,Tue Apr 25 02:00:00 CEST 2017,Wed Apr 26 02:00:00 CEST 2017
,-1.9622234100594012,Wed Apr 26 02:00:00 CEST 2017,Thu Apr 27 02:00:00 CEST 2017
Oceania,-0.9331570770445484,Wed Apr 26 02:00:00 CEST 2017,Thu Apr 27 02:00:00 CEST 2017
Europe,-1.622627119523897,Wed Apr 26 02:00:00 CEST 2017,Thu Apr 27 02:00:00 CEST 2017
Africa,-1.785467046385532,Wed Apr 26 02:00:00 CEST 2017,Thu Apr 27 02:00:00 CEST 2017
Asia,-2.149656687021606,Wed Apr 26 02:00:00 CEST 2017,Thu Apr 27 02:00:00 CEST 2017
Americas,-1.3384131865013045,Wed Apr 26 02:00:00 CEST 2017,Thu Apr 27 02:00:00 CEST 2017
Asia,-2.1580273303627515,Thu Apr 27 02:00:00 CEST 2017,Fri Apr 28 02:00:00 CEST 2017
Americas,-0.9927916735080293,Thu Apr 27 02:00:00 CEST 2017,Fri Apr 28 02:00:00 CEST 2017
,-1.9723695826951229,Thu Apr 27 02:00:00 CEST 2017,Fri Apr 28 02:00:00 CEST 2017
Europe,-1.4378538660502587,Thu Apr 27 02:00:00 CEST 2017,Fri Apr 28 02:00:00 CEST 2017
Africa,-1.6664191488345406,Thu Apr 27 02:00:00 CEST 2017,Fri Apr 28 02:00:00 CEST 2017
Oceania,-0.6924852580570039,Thu Apr 27 02:00:00 CEST 2017,Fri Apr 28 02:00:00 CEST 2017
,-2.1135706428420415,Fri Apr 28 02:00:00 CEST 2017,Sat Apr 29 02:00:00 CEST 2017
Oceania,-0.8216989609902297,Fri Apr 28 02:00:00 CEST 2017,Sat Apr 29 02:00:00 CEST 2017
Asia,-2.350650939262458,Fri Apr 28 02:00:00 CEST 2017,Sat Apr 29 02:00:00 CEST 2017
Americas,-1.2612447388760537,Fri Apr 28 02:00:00 CEST 2017,Sat Apr 29 02:00:00 CEST 2017
Europe,-1.0280046117547859,Fri Apr 28 02:00:00 CEST 2017,Sat Apr 29 02:00:00 CEST 2017
Africa,-1.6217284970914099,Fri Apr 28 02:00:00 CEST 2017,Sat Apr 29 02:00:00 CEST 2017
,-1.9356518013857964,Sat Apr 29 02:00:00 CEST 2017,Sun Apr 30 02:00:00 CEST 2017
Europe,-1.49530369136661,Sat Apr 29 02:00:00 CEST 2017,Sun Apr 30 02:00:00 CEST 2017
Africa,-1.914733355250408,Sat Apr 29 02:00:00 CEST 2017,Sun Apr 30 02:00:00 CEST 2017
Asia,-2.2946172227772665,Sat Apr 29 02:00:00 CEST 2017,Sun Apr 30 02:00:00 CEST 2017
Americas,-0.7593883521519063,Sat Apr 29 02:00:00 CEST 2017,Sun Apr 30 02:00:00 CEST 2017
Oceania,-1.0617185708157655,Sat Apr 29 02:00:00 CEST 2017,Sun Apr 30 02:00:00 CEST 2017
,-1.8798253147220456,Sun Apr 30 02:00:00 CEST 2017,Mon May 01 02:00:00 CEST 2017
Oceania,-1.0066847001292494,Sun Apr 30 02:00:00 CEST 2017,Mon May 01 02:00:00 CEST 2017
Asia,-2.017018327169414,Sun Apr 30 02:00:00 CEST 2017,Mon May 01 02:00:00 CEST 2017
Americas,-1.0383299546697982,Sun Apr 30 02:00:00 CEST 2017,Mon May 01 02:00:00 CEST 2017
Europe,-1.7111168976416165,Sun Apr 30 02:00:00 CEST 2017,Mon May 01 02:00:00 CEST 2017
Africa,-1.4608262614490168,Sun Apr 30 02:00:00 CEST 2017,Mon May 01 02:00:00 CEST 2017
,-1.8633739873979198,Mon May 01 02:00:00 CEST 2017,Tue May 02 02:00:00 CEST 2017
Asia,-1.710270016474005,Mon May 01 02:00:00 CEST 2017,Tue May 02 02:00:00 CEST 2017
Americas,-1.2109835788004804,Mon May 01 02:00:00 CEST 2017,Tue May 02 02:00:00 CEST 2017
Europe,-1.670874918686233,Mon May 01 02:00:00 CEST 2017,Tue May 02 02:00:00 CEST 2017
Africa,-1.334768448627268,Mon May 01 02:00:00 CEST 2017,Tue May 02 02:00:00 CEST 2017
Oceania,-0.7387044237336144,Mon May 01 02:00:00 CEST 2017,Tue May 02 02:00:00 CEST 2017
Europe,-1.350041609715836,Tue May 02 02:00:00 CEST 2017,Wed May 03 02:00:00 CEST 2017
Africa,-0.9437454714529688,Tue May 02 02:00:00 CEST 2017,Wed May 03 02:00:00 CEST 2017
Asia,-1.9170929011937652,Tue May 02 02:00:00 CEST 2017,Wed May 03 02:00:00 CEST 2017
Americas,-0.9780241960395962,Tue May 02 02:00:00 CEST 2017,Wed May 03 02:00:00 CEST 2017
Oceania,-0.8776758096186897,Tue May 02 02:00:00 CEST 2017,Wed May 03 02:00:00 CEST 2017
,-1.901955505414838,Tue May 02 02:00:00 CEST 2017,Wed May 03 02:00:00 CEST 2017
Europe,-1.2711361415466516,Wed May 03 02:00:00 CEST 2017,Thu May 04 02:00:00 CEST 2017
Africa,-1.326305110303292,Wed May 03 02:00:00 CEST 2017,Thu May 04 02:00:00 CEST 2017
Oceania,-0.689979544809088,Wed May 03 02:00:00 CEST 2017,Thu May 04 02:00:00 CEST 2017
Asia,-1.647151626409175,Wed May 03 02:00:00 CEST 2017,Thu May 04 02:00:00 CEST 2017
Americas,-1.1796313849025077,Wed May 03 02:00:00 CEST 2017,Thu May 04 02:00:00 CEST 2017
,-1.7338438035620258,Wed May 03 02:00:00 CEST 2017,Thu May 04 02:00:00 CEST 2017
Europe,-1.3804863221531538,Thu May 04 02:00:00 CEST 2017,Fri May 05 02:00:00 CEST 2017
Africa,-1.683006295659088,Thu May 04 02:00:00 CEST 2017,Fri May 05 02:00:00 CEST 2017
Oceania,-0.3932810546956403,Thu May 04 02:00:00 CEST 2017,Fri May 05 02:00:00 CEST 2017
Asia,-1.920988940049288,Thu May 04 02:00:00 CEST 2017,Fri May 05 02:00:00 CEST 2017
Americas,-1.4829904000435956,Thu May 04 02:00:00 CEST 2017,Fri May 05 02:00:00 CEST 2017
,-1.8433595452256653,Thu May 04 02:00:00 CEST 2017,Fri May 05 02:00:00 CEST 2017
Oceania,-0.7391678227676972,Fri May 05 02:00:00 CEST 2017,Sat May 06 02:00:00 CEST 2017
Asia,-2.0151813574050914,Fri May 05 02:00:00 CEST 2017,Sat May 06 02:00:00 CEST 2017
Americas,-1.279892794502927,Fri May 05 02:00:00 CEST 2017,Sat May 06 02:00:00 CEST 2017
Europe,-1.6598668782551496,Fri May 05 02:00:00 CEST 2017,Sat May 06 02:00:00 CEST 2017
Africa,-2.0039234230429237,Fri May 05 02:00:00 CEST 2017,Sat May 06 02:00:00 CEST 2017
,-1.9851633823059271,Fri May 05 02:00:00 CEST 2017,Sat May 06 02:00:00 CEST 2017
Oceania,-0.6155244607103998,Sat May 06 02:00:00 CEST 2017,Sun May 07 02:00:00 CEST 2017
Asia,-2.2743478298369615,Sat May 06 02:00:00 CEST 2017,Sun May 07 02:00:00 CEST 2017
Americas,-1.1100993338356144,Sat May 06 02:00:00 CEST 2017,Sun May 07 02:00:00 CEST 2017
Europe,-1.3564964721835986,Sat May 06 02:00:00 CEST 2017,Sun May 07 02:00:00 CEST 2017
Africa,-1.660206502908603,Sat May 06 02:00:00 CEST 2017,Sun May 07 02:00:00 CEST 2017
,-1.75574864995081,Sat May 06 02:00:00 CEST 2017,Sun May 07 02:00:00 CEST 2017
Asia,-2.0549268897214596,Sun May 07 02:00:00 CEST 2017,Mon May 08 02:00:00 CEST 2017
Americas,-0.9121728431889026,Sun May 07 02:00:00 CEST 2017,Mon May 08 02:00:00 CEST 2017
Europe,-0.8004408426007531,Sun May 07 02:00:00 CEST 2017,Mon May 08 02:00:00 CEST 2017
Africa,-1.59113244045368,Sun May 07 02:00:00 CEST 2017,Mon May 08 02:00:00 CEST 2017
Oceania,-0.5081548193177231,Sun May 07 02:00:00 CEST 2017,Mon May 08 02:00:00 CEST 2017
,-1.5811476342148467,Sun May 07 02:00:00 CEST 2017,Mon May 08 02:00:00 CEST 2017
Europe,-1.245685422597846,Mon May 08 02:00:00 CEST 2017,Tue May 09 02:00:00 CEST 2017
Africa,-1.7520543588281978,Mon May 08 02:00:00 CEST 2017,Tue May 09 02:00:00 CEST 2017
Oceania,-0.7502442931641106,Mon May 08 02:00:00 CEST 2017,Tue May 09 02:00:00 CEST 2017
Asia,-2.019469510214264,Mon May 08 02:00:00 CEST 2017,Tue May 09 02:00:00 CEST 2017
Americas,-1.030247367314599,Mon May 08 02:00:00 CEST 2017,Tue May 09 02:00:00 CEST 2017
,-1.7791677436554851,Mon May 08 02:00:00 CEST 2017,Tue May 09 02:00:00 CEST 2017
Europe,-1.1294481192433665,Tue May 09 02:00:00 CEST 2017,Wed May 10 02:00:00 CEST 2017
Africa,-1.5509867367409431,Tue May 09 02:00:00 CEST 2017,Wed May 10 02:00:00 CEST 2017
Oceania,-0.9153828223382725,Tue May 09 02:00:00 CEST 2017,Wed May 10 02:00:00 CEST 2017
Asia,-1.8033162199240675,Tue May 09 02:00:00 CEST 2017,Wed May 10 02:00:00 CEST 2017
Americas,-0.9855463198971351,Tue May 09 02:00:00 CEST 2017,Wed May 10 02:00:00 CEST 2017
,-1.805477228244412,Tue May 09 02:00:00 CEST 2017,Wed May 10 02:00:00 CEST 2017
Europe,-1.218631932925616,Wed May 10 02:00:00 CEST 2017,Thu May 11 02:00:00 CEST 2017
Africa,-1.8761401614015243,Wed May 10 02:00:00 CEST 2017,Thu May 11 02:00:00 CEST 2017
Oceania,-1.0405722181832056,Wed May 10 02:00:00 CEST 2017,Thu May 11 02:00:00 CEST 2017
Asia,-1.7336995659669077,Wed May 10 02:00:00 CEST 2017,Thu May 11 02:00:00 CEST 2017
Americas,-0.8247436191649706,Wed May 10 02:00:00 CEST 2017,Thu May 11 02:00:00 CEST 2017
,-1.751622104480615,Wed May 10 02:00:00 CEST 2017,Thu May 11 02:00:00 CEST 2017
Europe,-1.154464182224171,Thu May 11 02:00:00 CEST 2017,Fri May 12 02:00:00 CEST 2017
Africa,-1.3067301562960945,Thu May 11 02:00:00 CEST 2017,Fri May 12 02:00:00 CEST 2017
Asia,-1.3786652026445232,Thu May 11 02:00:00 CEST 2017,Fri May 12 02:00:00 CEST 2017
Americas,-1.0222140878925003,Thu May 11 02:00:00 CEST 2017,Fri May 12 02:00:00 CEST 2017
Oceania,-1.4234659369933353,Thu May 11 02:00:00 CEST 2017,Fri May 12 02:00:00 CEST 2017
,-1.828469562940816,Thu May 11 02:00:00 CEST 2017,Fri May 12 02:00:00 CEST 2017
Africa,-2.0088213886080757,Fri May 12 02:00:00 CEST 2017,Sat May 13 02:00:00 CEST 2017
Europe,-0.7754388731049296,Fri May 12 02:00:00 CEST 2017,Sat May 13 02:00:00 CEST 2017
Oceania,-1.1891842650952045,Fri May 12 02:00:00 CEST 2017,Sat May 13 02:00:00 CEST 2017
Asia,-1.6236744020523155,Fri May 12 02:00:00 CEST 2017,Sat May 13 02:00:00 CEST 2017
Americas,-0.7192432141868711,Fri May 12 02:00:00 CEST 2017,Sat May 13 02:00:00 CEST 2017
,-1.8375376055143704,Fri May 12 02:00:00 CEST 2017,Sat May 13 02:00:00 CEST 2017
Europe,-0.7736897892529652,Sat May 13 02:00:00 CEST 2017,Sun May 14 02:00:00 CEST 2017
Africa,-1.883422002106118,Sat May 13 02:00:00 CEST 2017,Sun May 14 02:00:00 CEST 2017
Oceania,-1.189309075530486,Sat May 13 02:00:00 CEST 2017,Sun May 14 02:00:00 CEST 2017
Americas,-0.9277768684972734,Sat May 13 02:00:00 CEST 2017,Sun May 14 02:00:00 CEST 2017
Asia,-1.6862432369321851,Sat May 13 02:00:00 CEST 2017,Sun May 14 02:00:00 CEST 2017
,-1.6837970183160937,Sat May 13 02:00:00 CEST 2017,Sun May 14 02:00:00 CEST 2017
Oceania,-1.2889512307009656,Sun May 14 02:00:00 CEST 2017,Mon May 15 02:00:00 CEST 2017
Asia,-1.5266920280814686,Sun May 14 02:00:00 CEST 2017,Mon May 15 02:00:00 CEST 2017
Americas,-1.124981050017644,Sun May 14 02:00:00 CEST 2017,Mon May 15 02:00:00 CEST 2017
,-1.8462747353087976,Sun May 14 02:00:00 CEST 2017,Mon May 15 02:00:00 CEST 2017
Europe,-1.0760958205325197,Sun May 14 02:00:00 CEST 2017,Mon May 15 02:00:00 CEST 2017
Africa,-2.060390841430708,Sun May 14 02:00:00 CEST 2017,Mon May 15 02:00:00 CEST 2017
,-1.896077827684023,Mon May 15 02:00:00 CEST 2017,Tue May 16 02:00:00 CEST 2017
Asia,-1.3047345622076278,Mon May 15 02:00:00 CEST 2017,Tue May 16 02:00:00 CEST 2017
Americas,-0.9508687510022416,Mon May 15 02:00:00 CEST 2017,Tue May 16 02:00:00 CEST 2017
Europe,-1.195775646817277,Mon May 15 02:00:00 CEST 2017,Tue May 16 02:00:00 CEST 2017
Africa,-2.063509528476822,Mon May 15 02:00:00 CEST 2017,Tue May 16 02:00:00 CEST 2017
Oceania,-1.076606289073167,Mon May 15 02:00:00 CEST 2017,Tue May 16 02:00:00 CEST 2017
,-1.840179374560063,Tue May 16 02:00:00 CEST 2017,Wed May 17 02:00:00 CEST 2017
Asia,-1.4712176518193247,Tue May 16 02:00:00 CEST 2017,Wed May 17 02:00:00 CEST 2017
Americas,-1.029517329325764,Tue May 16 02:00:00 CEST 2017,Wed May 17 02:00:00 CEST 2017
Oceania,-0.9315801411544811,Tue May 16 02:00:00 CEST 2017,Wed May 17 02:00:00 CEST 2017
Europe,-1.1749861244470554,Tue May 16 02:00:00 CEST 2017,Wed May 17 02:00:00 CEST 2017
Africa,-1.8158889535415814,Tue May 16 02:00:00 CEST 2017,Wed May 17 02:00:00 CEST 2017
,-1.8354292234735645,Wed May 17 02:00:00 CEST 2017,Thu May 18 02:00:00 CEST 2017
Oceania,-1.2992839044492759,Wed May 17 02:00:00 CEST 2017,Thu May 18 02:00:00 CEST 2017
Asia,-1.6772145454200738,Wed May 17 02:00:00 CEST 2017,Thu May 18 02:00:00 CEST 2017
Americas,-1.2075673923789865,Wed May 17 02:00:00 CEST 2017,Thu May 18 02:00:00 CEST 2017
Europe,-1.0535565422756779,Wed May 17 02:00:00 CEST 2017,Thu May 18 02:00:00 CEST 2017
Africa,-1.5814969073866343,Wed May 17 02:00:00 CEST 2017,Thu May 18 02:00:00 CEST 2017
,-2.141570653669094,Thu May 18 02:00:00 CEST 2017,Fri May 19 02:00:00 CEST 2017
Americas,-2.2252574034347457,Thu May 18 02:00:00 CEST 2017,Fri May 19 02:00:00 CEST 2017
Asia,-1.7133842855233379,Thu May 18 02:00:00 CEST 2017,Fri May 19 02:00:00 CEST 2017
Europe,-1.167519721227475,Thu May 18 02:00:00 CEST 2017,Fri May 19 02:00:00 CEST 2017
Africa,-2.164080138172865,Thu May 18 02:00:00 CEST 2017,Fri May 19 02:00:00 CEST 2017
Oceania,-1.231405772992109,Thu May 18 02:00:00 CEST 2017,Fri May 19 02:00:00 CEST 2017
,-1.9226456705775778,Fri May 19 02:00:00 CEST 2017,Sat May 20 02:00:00 CEST 2017
Oceania,-1.6395587256087851,Fri May 19 02:00:00 CEST 2017,Sat May 20 02:00:00 CEST 2017
Europe,-0.8882463601789743,Fri May 19 02:00:00 CEST 2017,Sat May 20 02:00:00 CEST 2017
Africa,-2.1249999289125516,Fri May 19 02:00:00 CEST 2017,Sat May 20 02:00:00 CEST 2017
Asia,-1.916629123372343,Fri May 19 02:00:00 CEST 2017,Sat May 20 02:00:00 CEST 2017
Americas,-2.282363168969681,Fri May 19 02:00:00 CEST 2017,Sat May 20 02:00:00 CEST 2017
,-1.7931099536177901,Sat May 20 02:00:00 CEST 2017,Sun May 21 02:00:00 CEST 2017
Asia,-1.9710160029504513,Sat May 20 02:00:00 CEST 2017,Sun May 21 02:00:00 CEST 2017
Americas,-1.481798218551986,Sat May 20 02:00:00 CEST 2017,Sun May 21 02:00:00 CEST 2017
Oceania,-0.93018453471123,Sat May 20 02:00:00 CEST 2017,Sun May 21 02:00:00 CEST 2017
Europe,-1.1038126586444355,Sat May 20 02:00:00 CEST 2017,Sun May 21 02:00:00 CEST 2017
Africa,-1.6864129055433448,Sat May 20 02:00:00 CEST 2017,Sun May 21 02:00:00 CEST 2017
,-1.6068585784689005,Sun May 21 02:00:00 CEST 2017,Mon May 22 02:00:00 CEST 2017
Oceania,-0.8801237691380766,Sun May 21 02:00:00 CEST 2017,Mon May 22 02:00:00 CEST 2017
Asia,-1.4443545515021807,Sun May 21 02:00:00 CEST 2017,Mon May 22 02:00:00 CEST 2017
Americas,-1.0129498274527184,Sun May 21 02:00:00 CEST 2017,Mon May 22 02:00:00 CEST 2017
Europe,-0.7808224956935039,Sun May 21 02:00:00 CEST 2017,Mon May 22 02:00:00 CEST 2017
Africa,-1.279232743480472,Sun May 21 02:00:00 CEST 2017,Mon May 22 02:00:00 CEST 2017
Asia,-1.8934623203593517,Mon May 22 02:00:00 CEST 2017,Tue May 23 02:00:00 CEST 2017
Americas,-1.0744740714320913,Mon May 22 02:00:00 CEST 2017,Tue May 23 02:00:00 CEST 2017
Oceania,-1.5147487617410234,Mon May 22 02:00:00 CEST 2017,Tue May 23 02:00:00 CEST 2017
Europe,-1.2145211683341095,Mon May 22 02:00:00 CEST 2017,Tue May 23 02:00:00 CEST 2017
Africa,-1.3736213229912158,Mon May 22 02:00:00 CEST 2017,Tue May 23 02:00:00 CEST 2017
,-2.1389524336505725,Mon May 22 02:00:00 CEST 2017,Tue May 23 02:00:00 CEST 2017
Oceania,-1.0807743103575753,Tue May 23 02:00:00 CEST 2017,Wed May 24 02:00:00 CEST 2017
Europe,-0.8115010127099176,Tue May 23 02:00:00 CEST 2017,Wed May 24 02:00:00 CEST 2017
Africa,-1.4587848626084583,Tue May 23 02:00:00 CEST 2017,Wed May 24 02:00:00 CEST 2017
Asia,-1.8941342443472269,Tue May 23 02:00:00 CEST 2017,Wed May 24 02:00:00 CEST 2017
Americas,-1.170698695520725,Tue May 23 02:00:00 CEST 2017,Wed May 24 02:00:00 CEST 2017
,-1.9884530058144136,Tue May 23 02:00:00 CEST 2017,Wed May 24 02:00:00 CEST 2017
Europe,-1.101156756993011,Wed May 24 02:00:00 CEST 2017,Thu May 25 02:00:00 CEST 2017
Africa,-1.9224168270833575,Wed May 24 02:00:00 CEST 2017,Thu May 25 02:00:00 CEST 2017
Asia,-2.1480292122591784,Wed May 24 02:00:00 CEST 2017,Thu May 25 02:00:00 CEST 2017
Americas,-1.021871299105837,Wed May 24 02:00:00 CEST 2017,Thu May 25 02:00:00 CEST 2017
Oceania,-1.4340721153649156,Wed May 24 02:00:00 CEST 2017,Thu May 25 02:00:00 CEST 2017
,-2.065505276027755,Wed May 24 02:00:00 CEST 2017,Thu May 25 02:00:00 CEST 2017
Oceania,-1.1485194886663153,Thu May 25 02:00:00 CEST 2017,Fri May 26 02:00:00 CEST 2017
Africa,-3.6239247897323357,Thu May 25 02:00:00 CEST 2017,Fri May 26 02:00:00 CEST 2017
Europe,-1.2525799680184537,Thu May 25 02:00:00 CEST 2017,Fri May 26 02:00:00 CEST 2017
Asia,-2.135910788345997,Thu May 25 02:00:00 CEST 2017,Fri May 26 02:00:00 CEST 2017
Americas,-0.9456279339015786,Thu May 25 02:00:00 CEST 2017,Fri May 26 02:00:00 CEST 2017
,-2.050106955229301,Thu May 25 02:00:00 CEST 2017,Fri May 26 02:00:00 CEST 2017
,-2.232695696670657,Fri May 26 02:00:00 CEST 2017,Sat May 27 02:00:00 CEST 2017
Oceania,-1.2177637530045846,Fri May 26 02:00:00 CEST 2017,Sat May 27 02:00:00 CEST 2017
Europe,-1.2780133590909526,Fri May 26 02:00:00 CEST 2017,Sat May 27 02:00:00 CEST 2017
Africa,-4.091641833815517,Fri May 26 02:00:00 CEST 2017,Sat May 27 02:00:00 CEST 2017
Americas,-1.04531024933205,Fri May 26 02:00:00 CEST 2017,Sat May 27 02:00:00 CEST 2017
Asia,-2.4308352334649004,Fri May 26 02:00:00 CEST 2017,Sat May 27 02:00:00 CEST 2017
,-2.078935117614227,Sat May 27 02:00:00 CEST 2017,Sun May 28 02:00:00 CEST 2017
Asia,-2.303930937576875,Sat May 27 02:00:00 CEST 2017,Sun May 28 02:00:00 CEST 2017
Americas,-0.8545921365300019,Sat May 27 02:00:00 CEST 2017,Sun May 28 02:00:00 CEST 2017
Oceania,-0.9367212446173498,Sat May 27 02:00:00 CEST 2017,Sun May 28 02:00:00 CEST 2017
Europe,-1.071182577274356,Sat May 27 02:00:00 CEST 2017,Sun May 28 02:00:00 CEST 2017
Africa,-2.670042794591712,Sat May 27 02:00:00 CEST 2017,Sun May 28 02:00:00 CEST 2017
Asia,-1.9197012104153777,Sun May 28 02:00:00 CEST 2017,Mon May 29 02:00:00 CEST 2017
Americas,-0.87385214572298,Sun May 28 02:00:00 CEST 2017,Mon May 29 02:00:00 CEST 2017
Africa,-2.2306078332072397,Sun May 28 02:00:00 CEST 2017,Mon May 29 02:00:00 CEST 2017
Europe,-0.7898550655941395,Sun May 28 02:00:00 CEST 2017,Mon May 29 02:00:00 CEST 2017
Oceania,-0.8573156639773261,Sun May 28 02:00:00 CEST 2017,Mon May 29 02:00:00 CEST 2017
,-1.846969899971555,Sun May 28 02:00:00 CEST 2017,Mon May 29 02:00:00 CEST 2017
,-1.9571489396353279,Mon May 29 02:00:00 CEST 2017,Tue May 30 02:00:00 CEST 2017
Asia,-2.0472850326166627,Mon May 29 02:00:00 CEST 2017,Tue May 30 02:00:00 CEST 2017
Americas,-1.1441928941518809,Mon May 29 02:00:00 CEST 2017,Tue May 30 02:00:00 CEST 2017
Africa,-2.7456129344884017,Mon May 29 02:00:00 CEST 2017,Tue May 30 02:00:00 CEST 2017
Europe,-1.1439679717408398,Mon May 29 02:00:00 CEST 2017,Tue May 30 02:00:00 CEST 2017
Oceania,-1.2186852173323006,Mon May 29 02:00:00 CEST 2017,Tue May 30 02:00:00 CEST 2017
Asia,-2.55379044553113,Tue May 30 02:00:00 CEST 2017,Wed May 31 02:00:00 CEST 2017
Americas,-0.915324243709276,Tue May 30 02:00:00 CEST 2017,Wed May 31 02:00:00 CEST 2017
Europe,-1.394983991473421,Tue May 30 02:00:00 CEST 2017,Wed May 31 02:00:00 CEST 2017
Africa,-2.458670846241436,Tue May 30 02:00:00 CEST 2017,Wed May 31 02:00:00 CEST 2017
Oceania,-1.1347853113976032,Tue May 30 02:00:00 CEST 2017,Wed May 31 02:00:00 CEST 2017
,-1.945515326045773,Tue May 30 02:00:00 CEST 2017,Wed May 31 02:00:00 CEST 2017
Oceania,-0.9883369152866546,Wed May 31 02:00:00 CEST 2017,Thu Jun 01 02:00:00 CEST 2017
Europe,-1.3042244260057207,Wed May 31 02:00:00 CEST 2017,Thu Jun 01 02:00:00 CEST 2017
Africa,-2.6351519821720086,Wed May 31 02:00:00 CEST 2017,Thu Jun 01 02:00:00 CEST 2017
Asia,-2.148745465651877,Wed May 31 02:00:00 CEST 2017,Thu Jun 01 02:00:00 CEST 2017
Americas,-1.1577880079058864,Wed May 31 02:00:00 CEST 2017,Thu Jun 01 02:00:00 CEST 2017
,-1.800445001264706,Wed May 31 02:00:00 CEST 2017,Thu Jun 01 02:00:00 CEST 2017
,-1.710772484581701,Thu Jun 01 02:00:00 CEST 2017,Fri Jun 02 02:00:00 CEST 2017
Asia,-1.8969027668470684,Thu Jun 01 02:00:00 CEST 2017,Fri Jun 02 02:00:00 CEST 2017
Americas,-0.89213694830388,Thu Jun 01 02:00:00 CEST 2017,Fri Jun 02 02:00:00 CEST 2017
Europe,-0.9092282386643329,Thu Jun 01 02:00:00 CEST 2017,Fri Jun 02 02:00:00 CEST 2017
Africa,-2.9210383592082527,Thu Jun 01 02:00:00 CEST 2017,Fri Jun 02 02:00:00 CEST 2017
Oceania,-0.60276211325089,Thu Jun 01 02:00:00 CEST 2017,Fri Jun 02 02:00:00 CEST 2017
,-1.9459902286795256,Fri Jun 02 02:00:00 CEST 2017,Sat Jun 03 02:00:00 CEST 2017
Europe,-0.6992044738713848,Fri Jun 02 02:00:00 CEST 2017,Sat Jun 03 02:00:00 CEST 2017
Africa,-2.9730749589712446,Fri Jun 02 02:00:00 CEST 2017,Sat Jun 03 02:00:00 CEST 2017
Asia,-2.4859483536222813,Fri Jun 02 02:00:00 CEST 2017,Sat Jun 03 02:00:00 CEST 2017
Americas,-1.3893615130848431,Fri Jun 02 02:00:00 CEST 2017,Sat Jun 03 02:00:00 CEST 2017
Oceania,-1.2091220331882182,Fri Jun 02 02:00:00 CEST 2017,Sat Jun 03 02:00:00 CEST 2017
Asia,-2.6529526109659485,Sat Jun 03 02:00:00 CEST 2017,Sun Jun 04 02:00:00 CEST 2017
Americas,-1.9666361418392304,Sat Jun 03 02:00:00 CEST 2017,Sun Jun 04 02:00:00 CEST 2017
Oceania,-1.308074787913585,Sat Jun 03 02:00:00 CEST 2017,Sun Jun 04 02:00:00 CEST 2017
Europe,-2.193185994907096,Sat Jun 03 02:00:00 CEST 2017,Sun Jun 04 02:00:00 CEST 2017
Africa,-2.9470251267469836,Sat Jun 03 02:00:00 CEST 2017,Sun Jun 04 02:00:00 CEST 2017
,-2.362835669889557,Sat Jun 03 02:00:00 CEST 2017,Sun Jun 04 02:00:00 CEST 2017
Oceania,-2.1107655248057937,Sun Jun 04 02:00:00 CEST 2017,Mon Jun 05 02:00:00 CEST 2017
Asia,-2.1571483788269648,Sun Jun 04 02:00:00 CEST 2017,Mon Jun 05 02:00:00 CEST 2017
Americas,-1.113862545600266,Sun Jun 04 02:00:00 CEST 2017,Mon Jun 05 02:00:00 CEST 2017
Europe,-1.3137024954674201,Sun Jun 04 02:00:00 CEST 2017,Mon Jun 05 02:00:00 CEST 2017
Africa,-2.5717052391719943,Sun Jun 04 02:00:00 CEST 2017,Mon Jun 05 02:00:00 CEST 2017
,-2.225128811430637,Sun Jun 04 02:00:00 CEST 2017,Mon Jun 05 02:00:00 CEST 2017
Oceania,-2.450767126284148,Mon Jun 05 02:00:00 CEST 2017,Tue Jun 06 02:00:00 CEST 2017
Asia,-2.267960368103329,Mon Jun 05 02:00:00 CEST 2017,Tue Jun 06 02:00:00 CEST 2017
Americas,-0.9681228220050322,Mon Jun 05 02:00:00 CEST 2017,Tue Jun 06 02:00:00 CEST 2017
Europe,-1.7518926327007573,Mon Jun 05 02:00:00 CEST 2017,Tue Jun 06 02:00:00 CEST 2017
Africa,-2.1065016956725864,Mon Jun 05 02:00:00 CEST 2017,Tue Jun 06 02:00:00 CEST 2017
,-2.166373855130361,Mon Jun 05 02:00:00 CEST 2017,Tue Jun 06 02:00:00 CEST 2017
,-2.1495030752780537,Tue Jun 06 02:00:00 CEST 2017,Wed Jun 07 02:00:00 CEST 2017
Oceania,-1.5574591911000606,Tue Jun 06 02:00:00 CEST 2017,Wed Jun 07 02:00:00 CEST 2017
Asia,-2.6186148068322583,Tue Jun 06 02:00:00 CEST 2017,Wed Jun 07 02:00:00 CEST 2017
Americas,-0.8878064069545942,Tue Jun 06 02:00:00 CEST 2017,Wed Jun 07 02:00:00 CEST 2017
Europe,-1.8652993270088976,Tue Jun 06 02:00:00 CEST 2017,Wed Jun 07 02:00:00 CEST 2017
Africa,-2.2972167782861908,Tue Jun 06 02:00:00 CEST 2017,Wed Jun 07 02:00:00 CEST 2017
Oceania,-1.0278146533562673,Wed Jun 07 02:00:00 CEST 2017,Thu Jun 08 02:00:00 CEST 2017
Asia,-2.644995481147893,Wed Jun 07 02:00:00 CEST 2017,Thu Jun 08 02:00:00 CEST 2017
Americas,-0.8154352126384518,Wed Jun 07 02:00:00 CEST 2017,Thu Jun 08 02:00:00 CEST 2017
Europe,-1.2640595766574612,Wed Jun 07 02:00:00 CEST 2017,Thu Jun 08 02:00:00 CEST 2017
Africa,-2.0913152764386607,Wed Jun 07 02:00:00 CEST 2017,Thu Jun 08 02:00:00 CEST 2017
,-2.0112281265171004,Wed Jun 07 02:00:00 CEST 2017,Thu Jun 08 02:00:00 CEST 2017
,-1.9407673438045039,Thu Jun 08 02:00:00 CEST 2017,Fri Jun 09 02:00:00 CEST 2017
Oceania,-1.361260918125772,Thu Jun 08 02:00:00 CEST 2017,Fri Jun 09 02:00:00 CEST 2017
Asia,-2.301700475928202,Thu Jun 08 02:00:00 CEST 2017,Fri Jun 09 02:00:00 CEST 2017
Americas,-1.1033252080618436,Thu Jun 08 02:00:00 CEST 2017,Fri Jun 09 02:00:00 CEST 2017
Europe,-0.9643275692710916,Thu Jun 08 02:00:00 CEST 2017,Fri Jun 09 02:00:00 CEST 2017
Africa,-2.1848915323358638,Thu Jun 08 02:00:00 CEST 2017,Fri Jun 09 02:00:00 CEST 2017
,-2.202507299900254,Fri Jun 09 02:00:00 CEST 2017,Sat Jun 10 02:00:00 CEST 2017
Oceania,-1.6255754382559473,Fri Jun 09 02:00:00 CEST 2017,Sat Jun 10 02:00:00 CEST 2017
Asia,-2.937659645918656,Fri Jun 09 02:00:00 CEST 2017,Sat Jun 10 02:00:00 CEST 2017
Americas,-1.6602814732188902,Fri Jun 09 02:00:00 CEST 2017,Sat Jun 10 02:00:00 CEST 2017
Africa,-2.57168349868052,Fri Jun 09 02:00:00 CEST 2017,Sat Jun 10 02:00:00 CEST 2017
Europe,-1.4457235564986906,Fri Jun 09 02:00:00 CEST 2017,Sat Jun 10 02:00:00 CEST 2017
,-1.970356771297356,Sat Jun 10 02:00:00 CEST 2017,Sun Jun 11 02:00:00 CEST 2017
Oceania,-0.9576262495039624,Sat Jun 10 02:00:00 CEST 2017,Sun Jun 11 02:00:00 CEST 2017
Asia,-2.6023760416982435,Sat Jun 10 02:00:00 CEST 2017,Sun Jun 11 02:00:00 CEST 2017
Americas,-0.9260880481566247,Sat Jun 10 02:00:00 CEST 2017,Sun Jun 11 02:00:00 CEST 2017
Europe,-1.3217757786320639,Sat Jun 10 02:00:00 CEST 2017,Sun Jun 11 02:00:00 CEST 2017
Africa,-2.1536767157725745,Sat Jun 10 02:00:00 CEST 2017,Sun Jun 11 02:00:00 CEST 2017
,-1.8148707120516419,Sun Jun 11 02:00:00 CEST 2017,Mon Jun 12 02:00:00 CEST 2017
Oceania,-0.7850252808655704,Sun Jun 11 02:00:00 CEST 2017,Mon Jun 12 02:00:00 CEST 2017
Asia,-1.9794376650087822,Sun Jun 11 02:00:00 CEST 2017,Mon Jun 12 02:00:00 CEST 2017
Americas,-0.723968899445477,Sun Jun 11 02:00:00 CEST 2017,Mon Jun 12 02:00:00 CEST 2017
Europe,-0.9365912387514992,Sun Jun 11 02:00:00 CEST 2017,Mon Jun 12 02:00:00 CEST 2017
Africa,-1.5533591458135163,Sun Jun 11 02:00:00 CEST 2017,Mon Jun 12 02:00:00 CEST 2017
,-1.9504377726899187,Mon Jun 12 02:00:00 CEST 2017,Tue Jun 13 02:00:00 CEST 2017
Oceania,-1.3261484870458962,Mon Jun 12 02:00:00 CEST 2017,Tue Jun 13 02:00:00 CEST 2017
Asia,-2.1319221027655204,Mon Jun 12 02:00:00 CEST 2017,Tue Jun 13 02:00:00 CEST 2017
Americas,-1.1017053282619265,Mon Jun 12 02:00:00 CEST 2017,Tue Jun 13 02:00:00 CEST 2017
Africa,-1.9740466957986238,Mon Jun 12 02:00:00 CEST 2017,Tue Jun 13 02:00:00 CEST 2017
Europe,-1.2390315351147245,Mon Jun 12 02:00:00 CEST 2017,Tue Jun 13 02:00:00 CEST 2017
,-1.935613190422229,Tue Jun 13 02:00:00 CEST 2017,Wed Jun 14 02:00:00 CEST 2017
Oceania,-1.5160480996277532,Tue Jun 13 02:00:00 CEST 2017,Wed Jun 14 02:00:00 CEST 2017
Asia,-1.9977439863465496,Tue Jun 13 02:00:00 CEST 2017,Wed Jun 14 02:00:00 CEST 2017
Americas,-1.0339428421350256,Tue Jun 13 02:00:00 CEST 2017,Wed Jun 14 02:00:00 CEST 2017
Europe,-1.1380476510511923,Tue Jun 13 02:00:00 CEST 2017,Wed Jun 14 02:00:00 CEST 2017
Africa,-1.9959067880042003,Tue Jun 13 02:00:00 CEST 2017,Wed Jun 14 02:00:00 CEST 2017
,-1.9882238711773381,Wed Jun 14 02:00:00 CEST 2017,Thu Jun 15 02:00:00 CEST 2017
Oceania,-1.122037962133735,Wed Jun 14 02:00:00 CEST 2017,Thu Jun 15 02:00:00 CEST 2017
Asia,-1.8023693552691749,Wed Jun 14 02:00:00 CEST 2017,Thu Jun 15 02:00:00 CEST 2017
Americas,-1.0671783626133569,Wed Jun 14 02:00:00 CEST 2017,Thu Jun 15 02:00:00 CEST 2017
Europe,-0.9635268150161804,Wed Jun 14 02:00:00 CEST 2017,Thu Jun 15 02:00:00 CEST 2017
Africa,-1.6784847785163677,Wed Jun 14 02:00:00 CEST 2017,Thu Jun 15 02:00:00 CEST 2017
Oceania,-1.4696214555425078,Thu Jun 15 02:00:00 CEST 2017,Fri Jun 16 02:00:00 CEST 2017
Asia,-2.358525257688805,Thu Jun 15 02:00:00 CEST 2017,Fri Jun 16 02:00:00 CEST 2017
Americas,-1.2986400098586042,Thu Jun 15 02:00:00 CEST 2017,Fri Jun 16 02:00:00 CEST 2017
Europe,-0.7778788718046172,Thu Jun 15 02:00:00 CEST 2017,Fri Jun 16 02:00:00 CEST 2017
Africa,-2.594628064510453,Thu Jun 15 02:00:00 CEST 2017,Fri Jun 16 02:00:00 CEST 2017
,-2.1340369140006863,Thu Jun 15 02:00:00 CEST 2017,Fri Jun 16 02:00:00 CEST 2017
Oceania,-1.2770762159210718,Fri Jun 16 02:00:00 CEST 2017,Sat Jun 17 02:00:00 CEST 2017
Asia,-2.9401430699016147,Fri Jun 16 02:00:00 CEST 2017,Sat Jun 17 02:00:00 CEST 2017
Americas,-1.5107933353775642,Fri Jun 16 02:00:00 CEST 2017,Sat Jun 17 02:00:00 CEST 2017
Africa,-2.92071197794521,Fri Jun 16 02:00:00 CEST 2017,Sat Jun 17 02:00:00 CEST 2017
Europe,-1.0099546946843947,Fri Jun 16 02:00:00 CEST 2017,Sat Jun 17 02:00:00 CEST 2017
,-2.242790148593626,Fri Jun 16 02:00:00 CEST 2017,Sat Jun 17 02:00:00 CEST 2017
Oceania,-1.1670173981297274,Sat Jun 17 02:00:00 CEST 2017,Sun Jun 18 02:00:00 CEST 2017
Asia,-3.029742141464217,Sat Jun 17 02:00:00 CEST 2017,Sun Jun 18 02:00:00 CEST 2017
Americas,-1.644306402010864,Sat Jun 17 02:00:00 CEST 2017,Sun Jun 18 02:00:00 CEST 2017
Africa,-2.5363073790016117,Sat Jun 17 02:00:00 CEST 2017,Sun Jun 18 02:00:00 CEST 2017
Europe,-1.2108955768025005,Sat Jun 17 02:00:00 CEST 2017,Sun Jun 18 02:00:00 CEST 2017
,-2.1201686458513533,Sat Jun 17 02:00:00 CEST 2017,Sun Jun 18 02:00:00 CEST 2017
Oceania,-1.1717290599292445,Sun Jun 18 02:00:00 CEST 2017,Mon Jun 19 02:00:00 CEST 2017
Asia,-2.3012354365671954,Sun Jun 18 02:00:00 CEST 2017,Mon Jun 19 02:00:00 CEST 2017
Americas,-1.3611602233621896,Sun Jun 18 02:00:00 CEST 2017,Mon Jun 19 02:00:00 CEST 2017
Europe,-1.2226927213616174,Sun Jun 18 02:00:00 CEST 2017,Mon Jun 19 02:00:00 CEST 2017
Africa,-1.9042180454571425,Sun Jun 18 02:00:00 CEST 2017,Mon Jun 19 02:00:00 CEST 2017
,-2.1360540499261034,Sun Jun 18 02:00:00 CEST 2017,Mon Jun 19 02:00:00 CEST 2017
Oceania,-1.2747055854929064,Mon Jun 19 02:00:00 CEST 2017,Tue Jun 20 02:00:00 CEST 2017
Asia,-2.0936588744930322,Mon Jun 19 02:00:00 CEST 2017,Tue Jun 20 02:00:00 CEST 2017
Americas,-1.3137808469725647,Mon Jun 19 02:00:00 CEST 2017,Tue Jun 20 02:00:00 CEST 2017
Europe,-1.4046978103777892,Mon Jun 19 02:00:00 CEST 2017,Tue Jun 20 02:00:00 CEST 2017
Africa,-2.4135050354419967,Mon Jun 19 02:00:00 CEST 2017,Tue Jun 20 02:00:00 CEST 2017
,-2.2480996857449895,Mon Jun 19 02:00:00 CEST 2017,Tue Jun 20 02:00:00 CEST 2017
Oceania,-1.2810367399801708,Tue Jun 20 02:00:00 CEST 2017,Wed Jun 21 02:00:00 CEST 2017
Asia,-1.8228856315206772,Tue Jun 20 02:00:00 CEST 2017,Wed Jun 21 02:00:00 CEST 2017
Americas,-0.9735452901070082,Tue Jun 20 02:00:00 CEST 2017,Wed Jun 21 02:00:00 CEST 2017
Europe,-1.384212686661454,Tue Jun 20 02:00:00 CEST 2017,Wed Jun 21 02:00:00 CEST 2017
Africa,-2.4791590317861147,Tue Jun 20 02:00:00 CEST 2017,Wed Jun 21 02:00:00 CEST 2017
,-2.0055106688409174,Tue Jun 20 02:00:00 CEST 2017,Wed Jun 21 02:00:00 CEST 2017
Oceania,-1.2789606140120688,Wed Jun 21 02:00:00 CEST 2017,Thu Jun 22 02:00:00 CEST 2017
Asia,-1.907426145607049,Wed Jun 21 02:00:00 CEST 2017,Thu Jun 22 02:00:00 CEST 2017
Americas,-1.6901655587298545,Wed Jun 21 02:00:00 CEST 2017,Thu Jun 22 02:00:00 CEST 2017
Africa,-2.136006748039954,Wed Jun 21 02:00:00 CEST 2017,Thu Jun 22 02:00:00 CEST 2017
Europe,-1.0905517430438965,Wed Jun 21 02:00:00 CEST 2017,Thu Jun 22 02:00:00 CEST 2017
,-1.95860929329886,Wed Jun 21 02:00:00 CEST 2017,Thu Jun 22 02:00:00 CEST 2017
Oceania,-1.2286751011028036,Thu Jun 22 02:00:00 CEST 2017,Fri Jun 23 02:00:00 CEST 2017
Asia,-2.0009143408225594,Thu Jun 22 02:00:00 CEST 2017,Fri Jun 23 02:00:00 CEST 2017
Americas,-1.492415573026318,Thu Jun 22 02:00:00 CEST 2017,Fri Jun 23 02:00:00 CEST 2017
Africa,-2.159453428753204,Thu Jun 22 02:00:00 CEST 2017,Fri Jun 23 02:00:00 CEST 2017
Europe,-1.0397423301055468,Thu Jun 22 02:00:00 CEST 2017,Fri Jun 23 02:00:00 CEST 2017
,-2.168903952939081,Thu Jun 22 02:00:00 CEST 2017,Fri Jun 23 02:00:00 CEST 2017
Oceania,-1.3456357186122432,Fri Jun 23 02:00:00 CEST 2017,Sat Jun 24 02:00:00 CEST 2017
Asia,-2.1795616993573623,Fri Jun 23 02:00:00 CEST 2017,Sat Jun 24 02:00:00 CEST 2017
Americas,-1.197713827709195,Fri Jun 23 02:00:00 CEST 2017,Sat Jun 24 02:00:00 CEST 2017
Europe,-1.1861481924542274,Fri Jun 23 02:00:00 CEST 2017,Sat Jun 24 02:00:00 CEST 2017
Africa,-1.3438237841894074,Fri Jun 23 02:00:00 CEST 2017,Sat Jun 24 02:00:00 CEST 2017
,-2.2257834470931313,Fri Jun 23 02:00:00 CEST 2017,Sat Jun 24 02:00:00 CEST 2017
Oceania,-1.6097108303509526,Sat Jun 24 02:00:00 CEST 2017,Sun Jun 25 02:00:00 CEST 2017
Asia,-2.0422753730416843,Sat Jun 24 02:00:00 CEST 2017,Sun Jun 25 02:00:00 CEST 2017
Americas,-1.1660787725723392,Sat Jun 24 02:00:00 CEST 2017,Sun Jun 25 02:00:00 CEST 2017
Europe,-1.1979963154302407,Sat Jun 24 02:00:00 CEST 2017,Sun Jun 25 02:00:00 CEST 2017
Africa,-1.988422501332265,Sat Jun 24 02:00:00 CEST 2017,Sun Jun 25 02:00:00 CEST 2017
,-1.916602287132642,Sat Jun 24 02:00:00 CEST 2017,Sun Jun 25 02:00:00 CEST 2017
Oceania,-1.3133833061603641,Sun Jun 25 02:00:00 CEST 2017,Mon Jun 26 02:00:00 CEST 2017
Asia,-1.8246492651538655,Sun Jun 25 02:00:00 CEST 2017,Mon Jun 26 02:00:00 CEST 2017
Americas,-0.7382582499103064,Sun Jun 25 02:00:00 CEST 2017,Mon Jun 26 02:00:00 CEST 2017
Africa,-2.1341817511036734,Sun Jun 25 02:00:00 CEST 2017,Mon Jun 26 02:00:00 CEST 2017
Europe,-0.8600669320948618,Sun Jun 25 02:00:00 CEST 2017,Mon Jun 26 02:00:00 CEST 2017
,-1.7040664873822957,Sun Jun 25 02:00:00 CEST 2017,Mon Jun 26 02:00:00 CEST 2017
Oceania,-0.8797302964694438,Mon Jun 26 02:00:00 CEST 2017,Tue Jun 27 02:00:00 CEST 2017
Asia,-1.827661006878809,Mon Jun 26 02:00:00 CEST 2017,Tue Jun 27 02:00:00 CEST 2017
Americas,-1.4800659659281874,Mon Jun 26 02:00:00 CEST 2017,Tue Jun 27 02:00:00 CEST 2017
Europe,-0.8685955637828083,Mon Jun 26 02:00:00 CEST 2017,Tue Jun 27 02:00:00 CEST 2017
Africa,-1.5686463160190944,Mon Jun 26 02:00:00 CEST 2017,Tue Jun 27 02:00:00 CEST 2017
,-2.1511222811560935,Mon Jun 26 02:00:00 CEST 2017,Tue Jun 27 02:00:00 CEST 2017
Americas,-0.9015297934905203,Tue Jun 27 02:00:00 CEST 2017,Wed Jun 28 02:00:00 CEST 2017
Asia,-2.0780289757524137,Tue Jun 27 02:00:00 CEST 2017,Wed Jun 28 02:00:00 CEST 2017
Europe,-0.8211242007476106,Tue Jun 27 02:00:00 CEST 2017,Wed Jun 28 02:00:00 CEST 2017
Africa,-1.91491667899619,Tue Jun 27 02:00:00 CEST 2017,Wed Jun 28 02:00:00 CEST 2017
,-2.037354778336178,Tue Jun 27 02:00:00 CEST 2017,Wed Jun 28 02:00:00 CEST 2017
Oceania,-0.8873707270869068,Tue Jun 27 02:00:00 CEST 2017,Wed Jun 28 02:00:00 CEST 2017
Asia,-1.958141346446554,Wed Jun 28 02:00:00 CEST 2017,Thu Jun 29 02:00:00 CEST 2017
Americas,-0.8851549488019866,Wed Jun 28 02:00:00 CEST 2017,Thu Jun 29 02:00:00 CEST 2017
Europe,-1.7184085767395645,Wed Jun 28 02:00:00 CEST 2017,Thu Jun 29 02:00:00 CEST 2017
Africa,-1.8615685034669653,Wed Jun 28 02:00:00 CEST 2017,Thu Jun 29 02:00:00 CEST 2017
,-2.0760717022137065,Wed Jun 28 02:00:00 CEST 2017,Thu Jun 29 02:00:00 CEST 2017
Oceania,-2.563480237589206,Wed Jun 28 02:00:00 CEST 2017,Thu Jun 29 02:00:00 CEST 2017
,-2.0764653055533846,Thu Jun 29 02:00:00 CEST 2017,Fri Jun 30 02:00:00 CEST 2017
Oceania,-1.0634602747381114,Thu Jun 29 02:00:00 CEST 2017,Fri Jun 30 02:00:00 CEST 2017
Asia,-2.1375156914658806,Thu Jun 29 02:00:00 CEST 2017,Fri Jun 30 02:00:00 CEST 2017
Americas,-0.3794580982431686,Thu Jun 29 02:00:00 CEST 2017,Fri Jun 30 02:00:00 CEST 2017
Europe,-1.163731284057697,Thu Jun 29 02:00:00 CEST 2017,Fri Jun 30 02:00:00 CEST 2017
Africa,-2.0100338336617893,Thu Jun 29 02:00:00 CEST 2017,Fri Jun 30 02:00:00 CEST 2017
Asia,-2.5464000639551942,Fri Jun 30 02:00:00 CEST 2017,Sat Jul 01 02:00:00 CEST 2017
Americas,-0.12090649038038212,Fri Jun 30 02:00:00 CEST 2017,Sat Jul 01 02:00:00 CEST 2017
,-2.214482061722446,Fri Jun 30 02:00:00 CEST 2017,Sat Jul 01 02:00:00 CEST 2017
Oceania,-1.0088178057285104,Fri Jun 30 02:00:00 CEST 2017,Sat Jul 01 02:00:00 CEST 2017
Africa,-1.863100989660836,Fri Jun 30 02:00:00 CEST 2017,Sat Jul 01 02:00:00 CEST 2017
Europe,-1.4051896549995884,Fri Jun 30 02:00:00 CEST 2017,Sat Jul 01 02:00:00 CEST 2017
Asia,-2.6993049806305764,Sat Jul 01 02:00:00 CEST 2017,Sun Jul 02 02:00:00 CEST 2017
Americas,-0.6069124058053765,Sat Jul 01 02:00:00 CEST 2017,Sun Jul 02 02:00:00 CEST 2017
,-2.218650488053771,Sat Jul 01 02:00:00 CEST 2017,Sun Jul 02 02:00:00 CEST 2017
Africa,-2.0084308491498213,Sat Jul 01 02:00:00 CEST 2017,Sun Jul 02 02:00:00 CEST 2017
Europe,-1.791237558776735,Sat Jul 01 02:00:00 CEST 2017,Sun Jul 02 02:00:00 CEST 2017
Oceania,-0.9174438478608867,Sat Jul 01 02:00:00 CEST 2017,Sun Jul 02 02:00:00 CEST 2017
Europe,-1.5875106512497221,Sun Jul 02 02:00:00 CEST 2017,Mon Jul 03 02:00:00 CEST 2017
Africa,-2.250309692512091,Sun Jul 02 02:00:00 CEST 2017,Mon Jul 03 02:00:00 CEST 2017
,-1.9271878901006778,Sun Jul 02 02:00:00 CEST 2017,Mon Jul 03 02:00:00 CEST 2017
Oceania,-0.7955966786747226,Sun Jul 02 02:00:00 CEST 2017,Mon Jul 03 02:00:00 CEST 2017
Asia,-2.17511039878435,Sun Jul 02 02:00:00 CEST 2017,Mon Jul 03 02:00:00 CEST 2017
Americas,-0.7729797449368343,Sun Jul 02 02:00:00 CEST 2017,Mon Jul 03 02:00:00 CEST 2017
Europe,-1.4185878075081892,Mon Jul 03 02:00:00 CEST 2017,Tue Jul 04 02:00:00 CEST 2017
Africa,-1.9133858546495106,Mon Jul 03 02:00:00 CEST 2017,Tue Jul 04 02:00:00 CEST 2017
,-1.84321369175299,Mon Jul 03 02:00:00 CEST 2017,Tue Jul 04 02:00:00 CEST 2017
Asia,-1.5784351333684856,Mon Jul 03 02:00:00 CEST 2017,Tue Jul 04 02:00:00 CEST 2017
Americas,-1.480956734643979,Mon Jul 03 02:00:00 CEST 2017,Tue Jul 04 02:00:00 CEST 2017
Oceania,-0.7486320731568454,Mon Jul 03 02:00:00 CEST 2017,Tue Jul 04 02:00:00 CEST 2017
Asia,-1.743394115835435,Tue Jul 04 02:00:00 CEST 2017,Wed Jul 05 02:00:00 CEST 2017
Americas,-1.147638437372506,Tue Jul 04 02:00:00 CEST 2017,Wed Jul 05 02:00:00 CEST 2017
Africa,-2.1075810848630465,Tue Jul 04 02:00:00 CEST 2017,Wed Jul 05 02:00:00 CEST 2017
Europe,-1.317441479452184,Tue Jul 04 02:00:00 CEST 2017,Wed Jul 05 02:00:00 CEST 2017
,-1.9324251393452643,Tue Jul 04 02:00:00 CEST 2017,Wed Jul 05 02:00:00 CEST 2017
Oceania,-0.7059661542963327,Tue Jul 04 02:00:00 CEST 2017,Wed Jul 05 02:00:00 CEST 2017
Europe,-1.4835809475457964,Wed Jul 05 02:00:00 CEST 2017,Thu Jul 06 02:00:00 CEST 2017
Africa,-2.415218767837259,Wed Jul 05 02:00:00 CEST 2017,Thu Jul 06 02:00:00 CEST 2017
,-2.115853583564123,Wed Jul 05 02:00:00 CEST 2017,Thu Jul 06 02:00:00 CEST 2017
Asia,-1.9065796208126666,Wed Jul 05 02:00:00 CEST 2017,Thu Jul 06 02:00:00 CEST 2017
Americas,-1.1467555902408566,Wed Jul 05 02:00:00 CEST 2017,Thu Jul 06 02:00:00 CEST 2017
Oceania,-0.9443800670786092,Wed Jul 05 02:00:00 CEST 2017,Thu Jul 06 02:00:00 CEST 2017
,-2.1953591350182777,Thu Jul 06 02:00:00 CEST 2017,Fri Jul 07 02:00:00 CEST 2017
Asia,-2.2270786644747917,Thu Jul 06 02:00:00 CEST 2017,Fri Jul 07 02:00:00 CEST 2017
Americas,-1.4519636182016897,Thu Jul 06 02:00:00 CEST 2017,Fri Jul 07 02:00:00 CEST 2017
Oceania,-0.9430871864222591,Thu Jul 06 02:00:00 CEST 2017,Fri Jul 07 02:00:00 CEST 2017
Europe,-1.7435827815398603,Thu Jul 06 02:00:00 CEST 2017,Fri Jul 07 02:00:00 CEST 2017
Africa,-2.749249031114727,Thu Jul 06 02:00:00 CEST 2017,Fri Jul 07 02:00:00 CEST 2017
Asia,-2.445643586282448,Fri Jul 07 02:00:00 CEST 2017,Sat Jul 08 02:00:00 CEST 2017
Americas,-1.2082745889210507,Fri Jul 07 02:00:00 CEST 2017,Sat Jul 08 02:00:00 CEST 2017
,-2.1653842783958335,Fri Jul 07 02:00:00 CEST 2017,Sat Jul 08 02:00:00 CEST 2017
Oceania,-0.5006623572314803,Fri Jul 07 02:00:00 CEST 2017,Sat Jul 08 02:00:00 CEST 2017
Europe,-1.641678518979099,Fri Jul 07 02:00:00 CEST 2017,Sat Jul 08 02:00:00 CEST 2017
Africa,-3.2606058387647407,Fri Jul 07 02:00:00 CEST 2017,Sat Jul 08 02:00:00 CEST 2017
,-1.9680427334473654,Sat Jul 08 02:00:00 CEST 2017,Sun Jul 09 02:00:00 CEST 2017
Asia,-2.177282505430686,Sat Jul 08 02:00:00 CEST 2017,Sun Jul 09 02:00:00 CEST 2017
Americas,-1.3806109718588269,Sat Jul 08 02:00:00 CEST 2017,Sun Jul 09 02:00:00 CEST 2017
Oceania,-0.7788668880057907,Sat Jul 08 02:00:00 CEST 2017,Sun Jul 09 02:00:00 CEST 2017
Europe,-1.511787725631934,Sat Jul 08 02:00:00 CEST 2017,Sun Jul 09 02:00:00 CEST 2017
Africa,-2.6547589572867696,Sat Jul 08 02:00:00 CEST 2017,Sun Jul 09 02:00:00 CEST 2017
,-1.951377274030284,Sun Jul 09 02:00:00 CEST 2017,Mon Jul 10 02:00:00 CEST 2017
Asia,-2.0961637066260006,Sun Jul 09 02:00:00 CEST 2017,Mon Jul 10 02:00:00 CEST 2017
Americas,-1.859776040397281,Sun Jul 09 02:00:00 CEST 2017,Mon Jul 10 02:00:00 CEST 2017
Oceania,-1.2375280731631468,Sun Jul 09 02:00:00 CEST 2017,Mon Jul 10 02:00:00 CEST 2017
Europe,-1.2343667045041287,Sun Jul 09 02:00:00 CEST 2017,Mon Jul 10 02:00:00 CEST 2017
Africa,-2.0616994469154033,Sun Jul 09 02:00:00 CEST 2017,Mon Jul 10 02:00:00 CEST 2017
Oceania,-0.8750605253273659,Mon Jul 10 02:00:00 CEST 2017,Tue Jul 11 02:00:00 CEST 2017
Asia,-2.351980621183102,Mon Jul 10 02:00:00 CEST 2017,Tue Jul 11 02:00:00 CEST 2017
Americas,-1.7311954694661251,Mon Jul 10 02:00:00 CEST 2017,Tue Jul 11 02:00:00 CEST 2017
Europe,-1.366173247484479,Mon Jul 10 02:00:00 CEST 2017,Tue Jul 11 02:00:00 CEST 2017
Africa,-1.7458370717174505,Mon Jul 10 02:00:00 CEST 2017,Tue Jul 11 02:00:00 CEST 2017
,-1.9573955919140282,Mon Jul 10 02:00:00 CEST 2017,Tue Jul 11 02:00:00 CEST 2017
Oceania,-0.9156498031414618,Tue Jul 11 02:00:00 CEST 2017,Wed Jul 12 02:00:00 CEST 2017
Asia,-2.2574659393502436,Tue Jul 11 02:00:00 CEST 2017,Wed Jul 12 02:00:00 CEST 2017
Americas,-1.90932164681503,Tue Jul 11 02:00:00 CEST 2017,Wed Jul 12 02:00:00 CEST 2017
Europe,-1.3799324443707626,Tue Jul 11 02:00:00 CEST 2017,Wed Jul 12 02:00:00 CEST 2017
Africa,-1.715757609004569,Tue Jul 11 02:00:00 CEST 2017,Wed Jul 12 02:00:00 CEST 2017
,-1.9256437079514168,Tue Jul 11 02:00:00 CEST 2017,Wed Jul 12 02:00:00 CEST 2017
Oceania,-1.1121341752373695,Wed Jul 12 02:00:00 CEST 2017,Thu Jul 13 02:00:00 CEST 2017
Asia,-1.8654383629248463,Wed Jul 12 02:00:00 CEST 2017,Thu Jul 13 02:00:00 CEST 2017
Americas,-1.676854734246005,Wed Jul 12 02:00:00 CEST 2017,Thu Jul 13 02:00:00 CEST 2017
Europe,-1.2305521417082657,Wed Jul 12 02:00:00 CEST 2017,Thu Jul 13 02:00:00 CEST 2017
Africa,-2.110972659683812,Wed Jul 12 02:00:00 CEST 2017,Thu Jul 13 02:00:00 CEST 2017
,-1.8255872159253785,Wed Jul 12 02:00:00 CEST 2017,Thu Jul 13 02:00:00 CEST 2017
,-2.0221177497519527,Thu Jul 13 02:00:00 CEST 2017,Fri Jul 14 02:00:00 CEST 2017
Oceania,-0.787422117364969,Thu Jul 13 02:00:00 CEST 2017,Fri Jul 14 02:00:00 CEST 2017
Europe,-1.019494847433061,Thu Jul 13 02:00:00 CEST 2017,Fri Jul 14 02:00:00 CEST 2017
Africa,-2.7905982996389183,Thu Jul 13 02:00:00 CEST 2017,Fri Jul 14 02:00:00 CEST 2017
Asia,-2.1991702395227875,Thu Jul 13 02:00:00 CEST 2017,Fri Jul 14 02:00:00 CEST 2017
Americas,-1.4998057887739442,Thu Jul 13 02:00:00 CEST 2017,Fri Jul 14 02:00:00 CEST 2017
Asia,-2.1744251450135574,Fri Jul 14 02:00:00 CEST 2017,Sat Jul 15 02:00:00 CEST 2017
Americas,-1.77454819990217,Fri Jul 14 02:00:00 CEST 2017,Sat Jul 15 02:00:00 CEST 2017
,-2.124501981131846,Fri Jul 14 02:00:00 CEST 2017,Sat Jul 15 02:00:00 CEST 2017
Oceania,-0.6863805382721253,Fri Jul 14 02:00:00 CEST 2017,Sat Jul 15 02:00:00 CEST 2017
Europe,-1.6919892897025393,Fri Jul 14 02:00:00 CEST 2017,Sat Jul 15 02:00:00 CEST 2017
Africa,-3.926859411022441,Fri Jul 14 02:00:00 CEST 2017,Sat Jul 15 02:00:00 CEST 2017
Europe,-1.8976778960588516,Sat Jul 15 02:00:00 CEST 2017,Sun Jul 16 02:00:00 CEST 2017
Africa,-2.9947515301548506,Sat Jul 15 02:00:00 CEST 2017,Sun Jul 16 02:00:00 CEST 2017
Oceania,-1.0137909976569126,Sat Jul 15 02:00:00 CEST 2017,Sun Jul 16 02:00:00 CEST 2017
Asia,-3.0982086798095896,Sat Jul 15 02:00:00 CEST 2017,Sun Jul 16 02:00:00 CEST 2017
Americas,-1.7032520436491894,Sat Jul 15 02:00:00 CEST 2017,Sun Jul 16 02:00:00 CEST 2017
,-2.112772143361121,Sat Jul 15 02:00:00 CEST 2017,Sun Jul 16 02:00:00 CEST 2017
,-1.9863470989823124,Sun Jul 16 02:00:00 CEST 2017,Mon Jul 17 02:00:00 CEST 2017
Oceania,-0.9366850733719049,Sun Jul 16 02:00:00 CEST 2017,Mon Jul 17 02:00:00 CEST 2017
Asia,-2.40840861765776,Sun Jul 16 02:00:00 CEST 2017,Mon Jul 17 02:00:00 CEST 2017
Americas,-1.4484326041095303,Sun Jul 16 02:00:00 CEST 2017,Mon Jul 17 02:00:00 CEST 2017
Europe,-1.4257187648384597,Sun Jul 16 02:00:00 CEST 2017,Mon Jul 17 02:00:00 CEST 2017
Africa,-2.234161496552543,Sun Jul 16 02:00:00 CEST 2017,Mon Jul 17 02:00:00 CEST 2017
Europe,-1.7204596837820292,Mon Jul 17 02:00:00 CEST 2017,Tue Jul 18 02:00:00 CEST 2017
Africa,-1.8464146733047715,Mon Jul 17 02:00:00 CEST 2017,Tue Jul 18 02:00:00 CEST 2017
Asia,-2.3352057214701203,Mon Jul 17 02:00:00 CEST 2017,Tue Jul 18 02:00:00 CEST 2017
Americas,-1.2672345800313003,Mon Jul 17 02:00:00 CEST 2017,Tue Jul 18 02:00:00 CEST 2017
Oceania,-1.1061898465440396,Mon Jul 17 02:00:00 CEST 2017,Tue Jul 18 02:00:00 CEST 2017
,-2.0248025882955383,Mon Jul 17 02:00:00 CEST 2017,Tue Jul 18 02:00:00 CEST 2017
Asia,-2.1051113580580934,Tue Jul 18 02:00:00 CEST 2017,Wed Jul 19 02:00:00 CEST 2017
Americas,-1.3396276643495186,Tue Jul 18 02:00:00 CEST 2017,Wed Jul 19 02:00:00 CEST 2017
,-2.0123249424733896,Tue Jul 18 02:00:00 CEST 2017,Wed Jul 19 02:00:00 CEST 2017
Europe,-1.818274868529602,Tue Jul 18 02:00:00 CEST 2017,Wed Jul 19 02:00:00 CEST 2017
Africa,-2.2337548475794806,Tue Jul 18 02:00:00 CEST 2017,Wed Jul 19 02:00:00 CEST 2017
Oceania,-1.2804535825206662,Tue Jul 18 02:00:00 CEST 2017,Wed Jul 19 02:00:00 CEST 2017
Oceania,-1.0082838671669079,Wed Jul 19 02:00:00 CEST 2017,Thu Jul 20 02:00:00 CEST 2017
Asia,-2.144291945138257,Wed Jul 19 02:00:00 CEST 2017,Thu Jul 20 02:00:00 CEST 2017
Americas,-1.3909903155939192,Wed Jul 19 02:00:00 CEST 2017,Thu Jul 20 02:00:00 CEST 2017
Africa,-2.9380730601498986,Wed Jul 19 02:00:00 CEST 2017,Thu Jul 20 02:00:00 CEST 2017
Europe,-1.7780776482355922,Wed Jul 19 02:00:00 CEST 2017,Thu Jul 20 02:00:00 CEST 2017
,-2.1011572231210587,Wed Jul 19 02:00:00 CEST 2017,Thu Jul 20 02:00:00 CEST 2017
,-2.193675225189278,Thu Jul 20 02:00:00 CEST 2017,Fri Jul 21 02:00:00 CEST 2017
Oceania,-0.7678583798434973,Thu Jul 20 02:00:00 CEST 2017,Fri Jul 21 02:00:00 CEST 2017
Europe,-1.500888913830301,Thu Jul 20 02:00:00 CEST 2017,Fri Jul 21 02:00:00 CEST 2017
Africa,-2.521024593033292,Thu Jul 20 02:00:00 CEST 2017,Fri Jul 21 02:00:00 CEST 2017
Asia,-2.3302489531354507,Thu Jul 20 02:00:00 CEST 2017,Fri Jul 21 02:00:00 CEST 2017
Americas,-1.6068931281274934,Thu Jul 20 02:00:00 CEST 2017,Fri Jul 21 02:00:00 CEST 2017
,-2.300895322201351,Fri Jul 21 02:00:00 CEST 2017,Sat Jul 22 02:00:00 CEST 2017
Oceania,-1.6584825504570724,Fri Jul 21 02:00:00 CEST 2017,Sat Jul 22 02:00:00 CEST 2017
Europe,-1.6025978961365903,Fri Jul 21 02:00:00 CEST 2017,Sat Jul 22 02:00:00 CEST 2017
Africa,-3.274902995084092,Fri Jul 21 02:00:00 CEST 2017,Sat Jul 22 02:00:00 CEST 2017
Asia,-3.122004580104556,Fri Jul 21 02:00:00 CEST 2017,Sat Jul 22 02:00:00 CEST 2017
Americas,-1.7001645599577861,Fri Jul 21 02:00:00 CEST 2017,Sat Jul 22 02:00:00 CEST 2017
,-2.1071827904430975,Sat Jul 22 02:00:00 CEST 2017,Sun Jul 23 02:00:00 CEST 2017
Europe,-1.5193502321626673,Sat Jul 22 02:00:00 CEST 2017,Sun Jul 23 02:00:00 CEST 2017
Africa,-2.6734765702943766,Sat Jul 22 02:00:00 CEST 2017,Sun Jul 23 02:00:00 CEST 2017
Asia,-3.3220148592865866,Sat Jul 22 02:00:00 CEST 2017,Sun Jul 23 02:00:00 CEST 2017
Americas,-1.009060614857266,Sat Jul 22 02:00:00 CEST 2017,Sun Jul 23 02:00:00 CEST 2017
Oceania,-0.5636121185764368,Sat Jul 22 02:00:00 CEST 2017,Sun Jul 23 02:00:00 CEST 2017
Europe,-1.7336666835456478,Sun Jul 23 02:00:00 CEST 2017,Mon Jul 24 02:00:00 CEST 2017
Africa,-2.3117155242816962,Sun Jul 23 02:00:00 CEST 2017,Mon Jul 24 02:00:00 CEST 2017
Asia,-2.9998865457465795,Sun Jul 23 02:00:00 CEST 2017,Mon Jul 24 02:00:00 CEST 2017
Americas,-1.0110575982018828,Sun Jul 23 02:00:00 CEST 2017,Mon Jul 24 02:00:00 CEST 2017
Oceania,-0.9857500592004873,Sun Jul 23 02:00:00 CEST 2017,Mon Jul 24 02:00:00 CEST 2017
,-2.1632961000501134,Sun Jul 23 02:00:00 CEST 2017,Mon Jul 24 02:00:00 CEST 2017
Asia,-2.698971872019606,Mon Jul 24 02:00:00 CEST 2017,Tue Jul 25 02:00:00 CEST 2017
Americas,-1.3782940867976297,Mon Jul 24 02:00:00 CEST 2017,Tue Jul 25 02:00:00 CEST 2017
,-2.1419555769790066,Mon Jul 24 02:00:00 CEST 2017,Tue Jul 25 02:00:00 CEST 2017
Oceania,-0.8249373524053575,Mon Jul 24 02:00:00 CEST 2017,Tue Jul 25 02:00:00 CEST 2017
Europe,-1.6479012308541092,Mon Jul 24 02:00:00 CEST 2017,Tue Jul 25 02:00:00 CEST 2017
Africa,-2.1700675274563705,Mon Jul 24 02:00:00 CEST 2017,Tue Jul 25 02:00:00 CEST 2017
,-2.17295041327023,Tue Jul 25 02:00:00 CEST 2017,Wed Jul 26 02:00:00 CEST 2017
Europe,-1.994805911127578,Tue Jul 25 02:00:00 CEST 2017,Wed Jul 26 02:00:00 CEST 2017
Africa,-2.0647313697989613,Tue Jul 25 02:00:00 CEST 2017,Wed Jul 26 02:00:00 CEST 2017
Americas,-1.3360865475723158,Tue Jul 25 02:00:00 CEST 2017,Wed Jul 26 02:00:00 CEST 2017
Asia,-2.516671332423892,Tue Jul 25 02:00:00 CEST 2017,Wed Jul 26 02:00:00 CEST 2017
Oceania,-1.1498029539286374,Tue Jul 25 02:00:00 CEST 2017,Wed Jul 26 02:00:00 CEST 2017
,-2.0868458315521328,Wed Jul 26 02:00:00 CEST 2017,Thu Jul 27 02:00:00 CEST 2017
Oceania,-1.0786165153237846,Wed Jul 26 02:00:00 CEST 2017,Thu Jul 27 02:00:00 CEST 2017
Asia,-2.292408648324809,Wed Jul 26 02:00:00 CEST 2017,Thu Jul 27 02:00:00 CEST 2017
Americas,-1.4069571174612476,Wed Jul 26 02:00:00 CEST 2017,Thu Jul 27 02:00:00 CEST 2017
Europe,-1.63836424059452,Wed Jul 26 02:00:00 CEST 2017,Thu Jul 27 02:00:00 CEST 2017
Africa,-2.261010540452322,Wed Jul 26 02:00:00 CEST 2017,Thu Jul 27 02:00:00 CEST 2017
,-2.1278630887876124,Thu Jul 27 02:00:00 CEST 2017,Fri Jul 28 02:00:00 CEST 2017
Asia,-2.3149263323631764,Thu Jul 27 02:00:00 CEST 2017,Fri Jul 28 02:00:00 CEST 2017
Americas,-1.1573766271292942,Thu Jul 27 02:00:00 CEST 2017,Fri Jul 28 02:00:00 CEST 2017
Europe,-1.7892884643221245,Thu Jul 27 02:00:00 CEST 2017,Fri Jul 28 02:00:00 CEST 2017
Africa,-2.1539578767478105,Thu Jul 27 02:00:00 CEST 2017,Fri Jul 28 02:00:00 CEST 2017
Oceania,-0.763620990730621,Thu Jul 27 02:00:00 CEST 2017,Fri Jul 28 02:00:00 CEST 2017
,-2.190956765872012,Fri Jul 28 02:00:00 CEST 2017,Sat Jul 29 02:00:00 CEST 2017
Asia,-2.540727758977947,Fri Jul 28 02:00:00 CEST 2017,Sat Jul 29 02:00:00 CEST 2017
Americas,-1.291418539072395,Fri Jul 28 02:00:00 CEST 2017,Sat Jul 29 02:00:00 CEST 2017
Oceania,-1.3711826663222106,Fri Jul 28 02:00:00 CEST 2017,Sat Jul 29 02:00:00 CEST 2017
Europe,-2.2402385593940055,Fri Jul 28 02:00:00 CEST 2017,Sat Jul 29 02:00:00 CEST 2017
Africa,-1.9232831130111943,Fri Jul 28 02:00:00 CEST 2017,Sat Jul 29 02:00:00 CEST 2017
,-2.1671443260765773,Sat Jul 29 02:00:00 CEST 2017,Sun Jul 30 02:00:00 CEST 2017
Oceania,-1.7651563863029274,Sat Jul 29 02:00:00 CEST 2017,Sun Jul 30 02:00:00 CEST 2017
Asia,-2.41941594102864,Sat Jul 29 02:00:00 CEST 2017,Sun Jul 30 02:00:00 CEST 2017
Americas,-1.3620756786796764,Sat Jul 29 02:00:00 CEST 2017,Sun Jul 30 02:00:00 CEST 2017
Europe,-2.090290955288939,Sat Jul 29 02:00:00 CEST 2017,Sun Jul 30 02:00:00 CEST 2017
Africa,-2.434664362177606,Sat Jul 29 02:00:00 CEST 2017,Sun Jul 30 02:00:00 CEST 2017
,-2.159955653460344,Sun Jul 30 02:00:00 CEST 2017,Mon Jul 31 02:00:00 CEST 2017
Asia,-2.2900391324373968,Sun Jul 30 02:00:00 CEST 2017,Mon Jul 31 02:00:00 CEST 2017
Americas,-1.5954872930060553,Sun Jul 30 02:00:00 CEST 2017,Mon Jul 31 02:00:00 CEST 2017
Oceania,-1.7243833542538085,Sun Jul 30 02:00:00 CEST 2017,Mon Jul 31 02:00:00 CEST 2017
Europe,-1.5984947385234445,Sun Jul 30 02:00:00 CEST 2017,Mon Jul 31 02:00:00 CEST 2017
Africa,-2.3706123876029697,Sun Jul 30 02:00:00 CEST 2017,Mon Jul 31 02:00:00 CEST 2017
Asia,-2.1567890833255867,Mon Jul 31 02:00:00 CEST 2017,Tue Aug 01 02:00:00 CEST 2017
Americas,-1.946442361844799,Mon Jul 31 02:00:00 CEST 2017,Tue Aug 01 02:00:00 CEST 2017
Europe,-1.3413897932485033,Mon Jul 31 02:00:00 CEST 2017,Tue Aug 01 02:00:00 CEST 2017
Africa,-1.4528563706516084,Mon Jul 31 02:00:00 CEST 2017,Tue Aug 01 02:00:00 CEST 2017
Oceania,-0.9697378221374181,Mon Jul 31 02:00:00 CEST 2017,Tue Aug 01 02:00:00 CEST 2017
,-2.1705062864035645,Mon Jul 31 02:00:00 CEST 2017,Tue Aug 01 02:00:00 CEST 2017
Asia,-2.248105417874627,Tue Aug 01 02:00:00 CEST 2017,Wed Aug 02 02:00:00 CEST 2017
Americas,-1.1378898095715093,Tue Aug 01 02:00:00 CEST 2017,Wed Aug 02 02:00:00 CEST 2017
Oceania,-1.0156268609475065,Tue Aug 01 02:00:00 CEST 2017,Wed Aug 02 02:00:00 CEST 2017
Europe,-1.5871732472462814,Tue Aug 01 02:00:00 CEST 2017,Wed Aug 02 02:00:00 CEST 2017
Africa,-1.477617786983922,Tue Aug 01 02:00:00 CEST 2017,Wed Aug 02 02:00:00 CEST 2017
,-2.1135722526656884,Tue Aug 01 02:00:00 CEST 2017,Wed Aug 02 02:00:00 CEST 2017
,-2.1630981278654713,Wed Aug 02 02:00:00 CEST 2017,Thu Aug 03 02:00:00 CEST 2017
Europe,-1.5030594162414166,Wed Aug 02 02:00:00 CEST 2017,Thu Aug 03 02:00:00 CEST 2017
Africa,-1.2600785276580113,Wed Aug 02 02:00:00 CEST 2017,Thu Aug 03 02:00:00 CEST 2017
Oceania,-1.1638489567759496,Wed Aug 02 02:00:00 CEST 2017,Thu Aug 03 02:00:00 CEST 2017
Asia,-2.303040041749287,Wed Aug 02 02:00:00 CEST 2017,Thu Aug 03 02:00:00 CEST 2017
Americas,-1.54653272399717,Wed Aug 02 02:00:00 CEST 2017,Thu Aug 03 02:00:00 CEST 2017
Asia,-2.3667964521449534,Thu Aug 03 02:00:00 CEST 2017,Fri Aug 04 02:00:00 CEST 2017
Americas,-1.4704929350288538,Thu Aug 03 02:00:00 CEST 2017,Fri Aug 04 02:00:00 CEST 2017
Oceania,-1.5474504748435645,Thu Aug 03 02:00:00 CEST 2017,Fri Aug 04 02:00:00 CEST 2017
Europe,-1.2798188065347793,Thu Aug 03 02:00:00 CEST 2017,Fri Aug 04 02:00:00 CEST 2017
Africa,-1.8293939999940836,Thu Aug 03 02:00:00 CEST 2017,Fri Aug 04 02:00:00 CEST 2017
,-2.116498925209565,Thu Aug 03 02:00:00 CEST 2017,Fri Aug 04 02:00:00 CEST 2017
,-2.269489445478529,Fri Aug 04 02:00:00 CEST 2017,Sat Aug 05 02:00:00 CEST 2017
Asia,-2.284109194218017,Fri Aug 04 02:00:00 CEST 2017,Sat Aug 05 02:00:00 CEST 2017
Americas,-1.7898372312661635,Fri Aug 04 02:00:00 CEST 2017,Sat Aug 05 02:00:00 CEST 2017
Oceania,-1.595182282583033,Fri Aug 04 02:00:00 CEST 2017,Sat Aug 05 02:00:00 CEST 2017
Europe,-1.6752840878025912,Fri Aug 04 02:00:00 CEST 2017,Sat Aug 05 02:00:00 CEST 2017
Africa,-1.9340297626882241,Fri Aug 04 02:00:00 CEST 2017,Sat Aug 05 02:00:00 CEST 2017
,-2.2165632879164074,Sat Aug 05 02:00:00 CEST 2017,Sun Aug 06 02:00:00 CEST 2017
Oceania,-1.5448594728582494,Sat Aug 05 02:00:00 CEST 2017,Sun Aug 06 02:00:00 CEST 2017
Asia,-2.403715746911954,Sat Aug 05 02:00:00 CEST 2017,Sun Aug 06 02:00:00 CEST 2017
Americas,-1.8501462144068195,Sat Aug 05 02:00:00 CEST 2017,Sun Aug 06 02:00:00 CEST 2017
Europe,-2.008375290286848,Sat Aug 05 02:00:00 CEST 2017,Sun Aug 06 02:00:00 CEST 2017
Africa,-1.0871255410422607,Sat Aug 05 02:00:00 CEST 2017,Sun Aug 06 02:00:00 CEST 2017
,-2.1657918199694617,Sun Aug 06 02:00:00 CEST 2017,Mon Aug 07 02:00:00 CEST 2017
Oceania,-1.2574055373629296,Sun Aug 06 02:00:00 CEST 2017,Mon Aug 07 02:00:00 CEST 2017
Asia,-2.360838926751422,Sun Aug 06 02:00:00 CEST 2017,Mon Aug 07 02:00:00 CEST 2017
Americas,-1.4255530089840707,Sun Aug 06 02:00:00 CEST 2017,Mon Aug 07 02:00:00 CEST 2017
Europe,-1.7642874188031283,Sun Aug 06 02:00:00 CEST 2017,Mon Aug 07 02:00:00 CEST 2017
Africa,-2.2467064382372213,Sun Aug 06 02:00:00 CEST 2017,Mon Aug 07 02:00:00 CEST 2017
,-2.090360592597848,Mon Aug 07 02:00:00 CEST 2017,Tue Aug 08 02:00:00 CEST 2017
Oceania,-1.10322969639575,Mon Aug 07 02:00:00 CEST 2017,Tue Aug 08 02:00:00 CEST 2017
Asia,-2.2518464929432356,Mon Aug 07 02:00:00 CEST 2017,Tue Aug 08 02:00:00 CEST 2017
Americas,-1.3360417453168916,Mon Aug 07 02:00:00 CEST 2017,Tue Aug 08 02:00:00 CEST 2017
Europe,-1.631010288148398,Mon Aug 07 02:00:00 CEST 2017,Tue Aug 08 02:00:00 CEST 2017
Africa,-1.9209359338614185,Mon Aug 07 02:00:00 CEST 2017,Tue Aug 08 02:00:00 CEST 2017
,-2.091182915524748,Tue Aug 08 02:00:00 CEST 2017,Wed Aug 09 02:00:00 CEST 2017
Oceania,-1.2323394737138276,Tue Aug 08 02:00:00 CEST 2017,Wed Aug 09 02:00:00 CEST 2017
Asia,-2.2781144173724304,Tue Aug 08 02:00:00 CEST 2017,Wed Aug 09 02:00:00 CEST 2017
Americas,-1.4820084673755138,Tue Aug 08 02:00:00 CEST 2017,Wed Aug 09 02:00:00 CEST 2017
Europe,-1.822841973602685,Tue Aug 08 02:00:00 CEST 2017,Wed Aug 09 02:00:00 CEST 2017
Africa,-1.568897217371935,Tue Aug 08 02:00:00 CEST 2017,Wed Aug 09 02:00:00 CEST 2017
,-2.2856374199722627,Wed Aug 09 02:00:00 CEST 2017,Thu Aug 10 02:00:00 CEST 2017
Oceania,-0.7178982224739487,Wed Aug 09 02:00:00 CEST 2017,Thu Aug 10 02:00:00 CEST 2017
Asia,-2.3384826051707495,Wed Aug 09 02:00:00 CEST 2017,Thu Aug 10 02:00:00 CEST 2017
Americas,-1.5236314143091436,Wed Aug 09 02:00:00 CEST 2017,Thu Aug 10 02:00:00 CEST 2017
Europe,-1.894484614767459,Wed Aug 09 02:00:00 CEST 2017,Thu Aug 10 02:00:00 CEST 2017
Africa,-2.211599246796572,Wed Aug 09 02:00:00 CEST 2017,Thu Aug 10 02:00:00 CEST 2017
Asia,-2.320891577895345,Thu Aug 10 02:00:00 CEST 2017,Fri Aug 11 02:00:00 CEST 2017
Americas,-1.3929254862874536,Thu Aug 10 02:00:00 CEST 2017,Fri Aug 11 02:00:00 CEST 2017
Oceania,-1.0538921012821179,Thu Aug 10 02:00:00 CEST 2017,Fri Aug 11 02:00:00 CEST 2017
Europe,-1.8525385276379145,Thu Aug 10 02:00:00 CEST 2017,Fri Aug 11 02:00:00 CEST 2017
Africa,-1.9784125685543432,Thu Aug 10 02:00:00 CEST 2017,Fri Aug 11 02:00:00 CEST 2017
,-2.1913657227827628,Thu Aug 10 02:00:00 CEST 2017,Fri Aug 11 02:00:00 CEST 2017
Asia,-2.6762932394312293,Fri Aug 11 02:00:00 CEST 2017,Sat Aug 12 02:00:00 CEST 2017
Americas,-1.7650150832002107,Fri Aug 11 02:00:00 CEST 2017,Sat Aug 12 02:00:00 CEST 2017
Oceania,-1.1386640975506908,Fri Aug 11 02:00:00 CEST 2017,Sat Aug 12 02:00:00 CEST 2017
Africa,-2.5420679602027225,Fri Aug 11 02:00:00 CEST 2017,Sat Aug 12 02:00:00 CEST 2017
Europe,-2.0154447640585786,Fri Aug 11 02:00:00 CEST 2017,Sat Aug 12 02:00:00 CEST 2017
,-2.471258977275846,Fri Aug 11 02:00:00 CEST 2017,Sat Aug 12 02:00:00 CEST 2017
Oceania,-0.7464673072218446,Sat Aug 12 02:00:00 CEST 2017,Sun Aug 13 02:00:00 CEST 2017
Asia,-2.510675721723932,Sat Aug 12 02:00:00 CEST 2017,Sun Aug 13 02:00:00 CEST 2017
Americas,-1.924015339347055,Sat Aug 12 02:00:00 CEST 2017,Sun Aug 13 02:00:00 CEST 2017
Europe,-1.8278836655464674,Sat Aug 12 02:00:00 CEST 2017,Sun Aug 13 02:00:00 CEST 2017
Africa,-2.709418918962699,Sat Aug 12 02:00:00 CEST 2017,Sun Aug 13 02:00:00 CEST 2017
,-2.5886582507574336,Sat Aug 12 02:00:00 CEST 2017,Sun Aug 13 02:00:00 CEST 2017
Europe,-2.272818375378055,Sun Aug 13 02:00:00 CEST 2017,Mon Aug 14 02:00:00 CEST 2017
Africa,-3.3528583586552316,Sun Aug 13 02:00:00 CEST 2017,Mon Aug 14 02:00:00 CEST 2017
,-2.5509835766767126,Sun Aug 13 02:00:00 CEST 2017,Mon Aug 14 02:00:00 CEST 2017
Oceania,-1.2677380484163476,Sun Aug 13 02:00:00 CEST 2017,Mon Aug 14 02:00:00 CEST 2017
Asia,-2.2743803477305815,Sun Aug 13 02:00:00 CEST 2017,Mon Aug 14 02:00:00 CEST 2017
Americas,-1.882910425620864,Sun Aug 13 02:00:00 CEST 2017,Mon Aug 14 02:00:00 CEST 2017
